2026-05-28 15:20:13	 49	 2032	1120	0	 308.41	 -1	1 	  0	100	 50	(8,4)
2026-05-28 15:20:14	 84	 2046	1127	0	 82.88	 1	-3 	  0	100	 50	(8,4)
2026-05-28 15:20:15	 119	 2071	1113	0	 215.51	 0	0 	  0	100	 50	(8,4)
2026-05-28 15:22:06	 3973	 1069	-3650	0	 49.57	 4	2 	  0	100	 50	(4,-14)
2026-05-28 15:22:07	 4008	 1153	-3472	0	 81.21	 2	7 	  0	100	 50	(4,-13)
2026-05-28 15:22:08	 4043	 1212	-3458	0	 148.01	 4	-5 	  0	100	 50	(4,-13)
2026-05-28 15:22:09	 4078	 1191	-3549	0	 190.20	 -7	-3 	  0	100	 50	(4,-14)
2026-05-28 15:22:10	 4113	 927	-3517	0	 137.46	 -7	4 	  0	100	 50	(3,-14)
2026-05-28 15:22:11	 4148	 777	-3389	0	 125.16	 -2	2 	  0	100	 50	(3,-13)
2026-05-28 15:22:12	 4183	 597	-3263	-8	 190.20	 -8	0 	  0	100	 50	(2,-13)
2026-05-28 15:22:13	 4218	 313	-3246	8	 190.20	 -9	0 	  0	100	 50	(1,-12)
2026-05-28 15:22:14	 4253	 24	-3267	104	 177.89	 -9	-1 	  1	100	 50	(0,-13)
2026-05-28 15:22:15	 4288	 -267	-3259	128	 177.89	 -9	0 	100	100	 50	(-1,-13)
2026-05-28 15:22:16	 4323	 -304	-3250	104	 123.40	 0	0 	100	100	 50	(-1,-13)
2026-05-28 15:22:17	 4361	 -216	-3162	104	 349.80	 6	1 	100	100	 50	(0,-12)
2026-05-28 15:22:18	 4396	 23	-3258	104	 321.68	 6	-5 	100	100	 50	(0,-13)
2026-05-28 15:22:19	 4431	 228	-3425	-8	 314.65	 0	-1 	100	100	 50	(0,-13)
2026-05-28 15:22:20	 4466	 130	-3308	-8	 323.44	 -1	1 	100	101	 50	(0,-13)
2026-05-28 15:22:21	 4501	 256	-3289	-8	 2.11	 7	0 	100	101	 50	(1,-13)
2026-05-28 15:22:22	 4536	 413	-3288	-8	 261.91	 0	-1 	100	101	 50	(1,-13)
2026-05-28 15:22:23	 4571	 336	-3380	-8	 196.88	 -1	-2 	100	101	 50	(1,-13)
2026-05-28 15:22:24	 4606	 345	-3436	-8	 73.83	 0	-3 	100	101	 50	(1,-13)
2026-05-28 15:22:25	 4641	 404	-3259	-8	 103.71	 -1	7 	100	101	 50	(1,-13)
2026-05-28 15:22:26	 4676	 307	-3025	-8	 163.48	 -4	0 	100	101	 50	(1,-12)
2026-05-28 15:22:27	 4711	 94	-3084	-8	 225.00	 -1	-1 	100	102	 50	(0,-12)
2026-05-28 15:22:28	 4746	 176	-3184	-8	 335.74	 4	-1 	100	103	 50	(0,-12)
2026-05-28 15:22:29	 4781	 407	-3187	-8	 348.05	 8	-1 	100	103	 50	(1,-12)
2026-05-28 15:22:30	 4816	 596	-3218	-8	 348.05	 1	-1 	100	103	 50	(2,-12)
2026-05-28 15:22:47	 5401	 617	-3222	-8	 348.05	 3	-1 	100	103	 50	(2,-12)
2026-05-28 15:22:48	 5436	 821	-3177	0	 60.12	 3	3 	100	103	 50	(3,-12)
2026-05-28 15:22:49	 5471	 918	-3009	0	 30.23	 5	4 	100	103	 50	(3,-12)
2026-05-28 15:22:50	 5506	 1121	-2918	0	 335.74	 7	-2 	101	103	 50	(4,-11)
2026-05-28 15:22:51	 5541	 1310	-2986	0	 33.75	 7	1 	101	103	 50	(5,-11)
2026-05-28 15:22:52	 5576	 1327	-2906	0	 61.88	 0	2 	101	103	 50	(5,-11)
2026-05-28 15:22:53	 5611	 1338	-2690	0	 84.73	 0	8 	101	103	 50	(5,-10)
2026-05-28 15:22:54	 5646	 1418	-2504	0	 348.05	 1	1 	101	103	 50	(5,-10)
2026-05-28 15:22:55	 5688	 1509	-2501	0	 0.35	 -4	-1 	101	103	 50	(6,-10)
2026-05-28 15:22:56	 5723	 1499	-2503	0	 358.59	 5	-1 	101	103	 50	(5,-10)
2026-05-28 15:22:57	 5758	 1551	-2506	0	 358.59	 0	-1 	101	103	 48	(6,-10)
2026-05-28 15:22:59	 5818	 1515	-2505	0	 358.59	 2	-1 	101	103	 46	(6,-10)
2026-05-28 15:23:00	 5853	 1651	-2500	0	 0.35	 0	0 	101	103	 45	(6,-10)
2026-05-28 15:23:01	 5890	 1678	-2499	0	 0.35	 4	0 	101	103	 43	(6,-9)
2026-05-28 15:23:02	 5925	 1799	-2499	0	 0.35	 6	0 	101	103	 42	(7,-9)
2026-05-28 15:23:03	 5960	 2071	-2501	0	 353.32	 8	-1 	101	103	 47	(8,-10)
2026-05-28 15:23:04	 5995	 2287	-2473	24	 82.97	 0	4 	102	103	 52	(9,-9)
2026-05-28 15:23:05	 6030	 2280	-2321	24	 126.91	 -2	0 	103	103	 52	(9,-9)
2026-05-28 15:23:06	 6065	 2084	-2331	0	 190.20	 -9	-2 	104	103	 52	(8,-9)
2026-05-28 15:23:07	 6100	 1793	-2328	0	 140.98	 -8	3 	104	103	 52	(7,-9)
2026-05-28 15:23:08	 6135	 1680	-2181	0	 77.70	 0	6 	104	103	 52	(6,-8)
2026-05-28 15:23:09	 6170	 1805	-2134	0	 346.29	 7	-2 	105	103	 52	(7,-8)
2026-05-28 15:23:10	 6205	 2080	-2184	0	 355.08	 8	-1 	105	103	 52	(8,-8)
2026-05-28 15:23:11	 6240	 2361	-2237	0	 297.07	 6	-5 	105	103	 52	(9,-8)
2026-05-28 15:23:12	 6275	 2479	-2290	0	 195.12	 0	1 	105	103	 52	(9,-9)
2026-05-28 15:23:13	 6310	 2455	-2307	0	 249.61	 -3	-6 	105	103	 52	(9,-9)
2026-05-28 15:23:14	 6345	 2360	-2560	0	 249.61	 -3	-8 	105	103	 52	(9,-10)
2026-05-28 15:23:15	 6380	 2260	-2723	0	 195.12	 -7	-4 	105	103	 52	(9,-10)
2026-05-28 15:23:16	 6415	 2045	-2707	0	 165.23	 -8	1 	105	103	 52	(8,-10)
2026-05-28 15:23:17	 6450	 1775	-2666	0	 207.42	 -5	0 	105	103	 52	(7,-10)
2026-05-28 15:23:18	 6485	 1737	-2633	0	 330.47	 2	-2 	105	103	 52	(6,-10)
2026-05-28 15:23:19	 6520	 1956	-2715	0	 351.56	 7	-3 	105	103	 52	(7,-10)
2026-05-28 15:23:20	 6555	 2217	-2702	0	 10.90	 3	0 	105	103	 52	(8,-10)
2026-05-28 15:23:21	 6590	 2298	-2686	0	 5.62	 1	0 	105	103	 51	(9,-10)
2026-05-28 15:23:24	 6701	 2314	-2682	0	 14.41	 1	0 	105	103	 47	(9,-10)
2026-05-28 15:23:25	 6736	 2528	-2630	-5	 348.05	 7	1 	105	103	 52	(10,-10)
2026-05-28 15:23:26	 6771	 2634	-2627	-8	 307.62	 3	-4 	105	103	 52	(10,-10)
2026-05-28 15:23:27	 6806	 2704	-2753	-16	 240.82	 2	3 	105	104	 52	(10,-11)
2026-05-28 15:23:28	 6841	 2790	-2604	-16	 274.22	 0	-1 	105	105	 52	(11,-10)
2026-05-28 15:23:30	 6892	 2925	-2759	-24	 297.07	 4	-8 	105	105	 52	(11,-11)
2026-05-28 15:23:31	 6927	 2992	-2884	-24	 239.06	 0	-1 	105	105	 51	(11,-11)
2026-05-28 15:23:32	 6974	 3001	-2840	-24	 261.91	 0	4 	105	105	 50	(12,-11)
2026-05-28 15:23:34	 7062	 3001	-2843	-24	 268.95	 -1	-2 	105	105	 47	(12,-11)
2026-05-28 15:23:35	 7097	 3002	-2867	-24	 281.25	 0	-1 	105	105	 45	(12,-11)
2026-05-28 15:23:37	 7158	 3001	-2856	-24	 281.25	 -1	0 	101	 97	 43	(12,-11)
2026-05-28 15:23:40	 7268	 3005	-2874	-24	 283.01	 0	-1 	101	 97	 39	(12,-11)
2026-05-28 15:23:42	 7327	 3020	-2939	-24	 286.52	 1	-7 	101	 97	 36	(12,-11)
2026-05-28 15:23:43	 7362	 3041	-3020	-24	 304.10	 0	-1 	101	 97	 35	(12,-12)
2026-05-28 15:23:46	 7463	 2983	-2955	-24	 311.13	 -5	5 	101	 97	 31	(11,-11)
2026-05-28 15:23:47	 7498	 2799	-2745	-16	 311.13	 -5	5 	101	 97	 31	(11,-10)
2026-05-28 15:23:48	 7533	 2857	-2811	-24	 311.13	 5	-6 	101	 97	 31	(11,-11)
2026-05-28 15:23:49	 7568	 2983	-2932	-24	 333.98	 5	-4 	101	 97	 31	(11,-11)
2026-05-28 15:23:50	 7603	 3031	-2971	-24	 297.07	 0	-1 	101	 97	 31	(12,-11)
2026-05-28 15:23:57	 7838	 3154	-3012	-24	 339.26	 1	-1 	101	 97	 21	(12,-12)
2026-05-28 15:23:58	 7873	 3149	-3005	-24	 232.03	 -1	0 	101	 97	 21	(12,-12)
2026-05-28 15:23:59	 7908	 3078	-3075	-24	 228.52	 -5	-6 	101	 97	 21	(12,-12)
2026-05-28 15:24:00	 7943	 2962	-3207	-24	 258.40	 -1	-1 	101	 97	 21	(11,-12)
2026-05-28 15:24:01	 7983	 2976	-3232	-24	 318.16	 3	-4 	101	 97	 21	(11,-12)
2026-05-28 15:24:02	 8018	 3098	-3326	-24	 326.95	 3	-3 	101	 97	 21	(12,-13)
2026-05-28 15:24:03	 8053	 3140	-3353	-24	 326.95	 0	-1 	101	 97	 19	(12,-13)
2026-05-28 15:24:06	 8155	 3092	-3484	-24	 217.97	 -5	-6 	101	 97	 22	(12,-13)
2026-05-28 15:24:07	 8190	 2920	-3619	-24	 203.91	 -1	0 	101	 97	 22	(11,-14)
2026-05-28 15:24:08	 8225	 2881	-3594	-24	 144.14	 -1	0 	101	 97	 22	(11,-14)
2026-05-28 15:24:09	 8260	 2935	-3624	-24	 147.66	 5	-3 	101	 97	 22	(11,-14)
2026-05-28 15:24:10	 8295	 3055	-3667	-24	 228.52	 -2	-2 	101	 97	 22	(12,-14)
2026-05-28 15:24:11	 8330	 2971	-3869	-24	 260.16	 -3	-8 	101	 97	 22	(11,-15)
2026-05-28 15:24:12	 8365	 2984	-3956	-24	 328.71	 4	-3 	101	 97	 22	(11,-15)
2026-05-28 15:24:13	 8412	 3055	-3947	-24	 268.95	 0	1 	101	 97	 22	(12,-15)
2026-05-28 15:24:14	 8447	 3055	-3875	-24	 270.70	 0	0 	101	 97	 22	(12,-15)
2026-05-28 15:24:15	 8489	 3055	-3846	-24	 270.70	 -1	0 	101	 97	 19	(12,-15)
2026-05-28 15:24:16	 8524	 3053	-3697	-24	 270.70	 -1	7 	101	 97	 17	(12,-14)
2026-05-28 15:24:17	 8559	 3047	-3550	-24	 270.70	 0	-3 	 94	 83	 16	(12,-14)
2026-05-28 15:24:18	 8594	 3048	-3585	-24	 261.91	 0	-1 	 94	 83	 14	(12,-14)
2026-05-28 15:24:19	 8634	 3027	-3734	-24	 256.64	 -2	-8 	 94	 83	 14	(12,-14)
2026-05-28 15:24:20	 8669	 3000	-3935	-24	 268.95	 -1	-2 	 94	 83	 13	(12,-15)
2026-05-28 15:24:21	 8704	 2993	-3880	-24	 267.19	 -1	0 	 94	 83	 11	(11,-15)
2026-05-28 15:24:22	 8739	 2996	-3818	-24	 267.19	 0	0 	 94	 83	 10	(11,-15)
2026-05-28 15:24:23	 8774	 2988	-3973	-24	 267.19	 -1	-8 	 94	 83	 10	(11,-15)
2026-05-28 15:24:24	 8809	 3007	-4254	-24	 323.44	 3	-7 	 94	 83	 10	(12,-17)
2026-05-28 15:24:25	 8844	 3028	-4276	-24	 265.43	 -2	6 	 94	 83	 10	(12,-17)
2026-05-28 15:24:26	 8879	 3040	-4141	-24	 230.27	 0	0 	 94	 83	 10	(12,-16)
2026-05-28 15:24:27	 8914	 3018	-4241	-24	 274.22	 -1	-8 	 94	 83	 10	(12,-16)
2026-05-28 15:24:28	 8949	 3033	-4428	-24	 342.77	 3	-3 	 94	 83	 10	(12,-17)
2026-05-28 15:24:29	 8984	 3257	-4453	-24	 51.33	 6	3 	 94	 84	 10	(13,-17)
2026-05-28 15:24:30	 9019	 3306	-4386	-24	 109.34	 -2	6 	 94	 84	 10	(13,-17)
2026-05-28 15:24:31	 9054	 3202	-4309	-24	 118.12	 -5	6 	 94	 84	 10	(12,-17)
2026-05-28 15:24:32	 9089	 3201	-4174	-24	 355.08	 5	0 	 94	 85	 10	(12,-16)
2026-05-28 15:24:33	 9124	 3311	-4236	-24	 286.52	 0	-5 	 94	 85	 20	(13,-16)
2026-05-28 15:24:34	 9159	 3218	-4362	-24	 216.21	 -7	-6 	 94	 85	 20	(12,-17)
2026-05-28 15:24:35	 9194	 3049	-4454	-24	 181.05	 -8	-2 	 94	 85	 20	(12,-17)
2026-05-28 15:24:36	 9229	 2771	-4424	-24	 165.23	 -9	1 	 95	100	 20	(11,-17)
2026-05-28 15:24:37	 9264	 2705	-4385	-24	 82.62	 0	6 	 95	100	 20	(10,-17)
2026-05-28 15:24:38	 9299	 2737	-4385	-24	 82.62	 1	8 	 95	100	 20	(10,-17)
2026-05-28 15:24:39	 9334	 2766	-4210	-24	 86.13	 0	8 	 95	101	 20	(11,-16)
2026-05-28 15:24:40	 9369	 2749	-4151	-24	 3.52	 -6	-1 	 95	101	 30	(10,-16)
2026-05-28 15:24:41	 9404	 2731	-4160	-24	 3.52	 5	0 	 95	101	 30	(10,-16)
2026-05-28 15:24:42	 9439	 2815	-4159	-24	 277.38	 -3	3 	 95	102	 30	(11,-16)
2026-05-28 15:24:43	 9474	 2743	-4250	-24	 272.11	 -2	-8 	 95	102	 30	(10,-17)
2026-05-28 15:24:44	 9509	 2836	-4449	-24	 326.60	 5	-6 	 95	102	 30	(11,-17)
2026-05-28 15:24:45	 9544	 2895	-4528	-24	 330.12	 0	0 	 95	102	 30	(11,-18)
2026-05-28 15:24:46	 9579	 2969	-4481	-24	 331.88	 4	0 	 95	102	 30	(11,-17)
2026-05-28 15:24:47	 9614	 3055	-4592	-24	 259.80	 -1	-1 	 95	102	 30	(12,-18)
2026-05-28 15:24:48	 9652	 2993	-4610	-24	 254.53	 0	3 	 95	102	 30	(11,-18)
2026-05-28 15:24:49	 9687	 3000	-4610	-24	 261.56	 -1	-1 	 95	102	 30	(12,-18)
2026-05-28 15:24:50	 9722	 3023	-4678	-24	 294.96	 0	-4 	 95	102	 30	(12,-18)
2026-05-28 15:24:51	 9757	 3017	-4848	-24	 194.77	 -4	-1 	 97	102	 30	(12,-19)
2026-05-28 15:24:52	 9792	 2928	-4827	-24	 119.18	 0	0 	 98	102	 30	(11,-19)
2026-05-28 15:24:53	 9827	 2928	-4695	-24	 91.05	 -1	6 	 99	102	 30	(11,-18)
2026-05-28 15:24:54	 9865	 2928	-4737	-24	 156.09	 0	0 	 99	102	 30	(11,-18)
2026-05-28 15:25:02	 10080	 -26	-201	24	 81.21	 0	5 	 99	102	 30	(0,0)
2026-05-28 15:25:03	 10115	 -15	-111	24	 149.77	 -2	1 	 99	102	 30	(0,0)
2026-05-28 15:25:04	 10150	 -211	7	24	 142.73	 -7	4 	 99	102	 30	(0,0)
2026-05-28 15:25:05	 10185	 -358	103	24	 112.85	 -3	1 	 99	102	 30	(-1,0)
2026-05-28 15:25:06	 10220	 -386	134	24	 88.24	 -1	1 	 99	102	 30	(-1,0)
2026-05-28 15:25:07	 10255	 -387	140	24	 88.24	 -1	-4 	 99	102	 28	(-1,0)
2026-05-28 15:25:08	 10290	 -389	91	24	 100.55	 -1	0 	 99	102	 27	(-1,0)
2026-05-28 15:25:09	 10325	 -405	176	24	 100.55	 -2	5 	 99	102	 26	(-1,0)
2026-05-28 15:25:10	 10360	 -422	274	24	 88.24	 -1	0 	 99	102	 25	(-1,1)
2026-05-28 15:25:12	 10409	 -426	226	24	 86.48	 -1	-3 	 99	102	 22	(-1,0)
2026-05-28 15:25:13	 10444	 -430	160	24	 98.79	 -1	-1 	 99	102	 21	(-1,0)
2026-05-28 15:25:14	 10481	 -420	148	24	 98.79	 -1	0 	 96	 96	 19	(-1,0)
2026-05-28 15:25:15	 10516	 -440	291	24	 91.76	 -1	1 	 96	 96	 19	(-1,1)
2026-05-28 15:25:16	 10551	 -442	293	24	 93.52	 0	-1 	 92	 88	 18	(-1,1)
2026-05-28 15:25:17	 10594	 -446	352	24	 93.52	 -1	6 	 92	 88	 16	(-1,1)
2026-05-28 15:25:18	 10629	 -353	602	24	 33.75	 6	5 	 87	 78	 31	(-1,2)
2026-05-28 15:25:19	 10664	 -289	657	24	 349.80	 0	0 	 87	 78	 31	(-1,2)
2026-05-28 15:25:20	 10699	 -131	631	24	 355.08	 7	-2 	 87	 78	 31	(0,2)
2026-05-28 15:25:21	 10734	 -22	655	24	 82.97	 1	5 	 87	 78	 31	(0,2)
2026-05-28 15:25:22	 10769	 14	918	24	 90.00	 0	8 	 87	 78	 31	(0,3)
2026-05-28 15:25:24	 10821	 24	941	24	 290.04	 0	-2 	100	 78	 31	(0,3)
2026-05-28 15:25:25	 10856	 14	746	24	 295.31	 -2	-1 	100	 78	 31	(0,2)
2026-05-28 15:25:26	 10891	 -95	814	24	 333.98	 0	0 	100	 78	 30	(0,3)
2026-05-28 15:25:27	 10938	 -4	770	24	 333.98	 1	-1 	100	 78	 28	(0,3)
2026-05-28 15:25:28	 10986	 5	765	24	 349.80	 -3	0 	100	 78	 26	(0,3)
2026-05-28 15:25:29	 11021	 -28	771	24	 349.80	 3	-1 	100	 78	 25	(0,3)
2026-05-28 15:25:30	 11056	 101	721	24	 263.67	 0	-4 	100	 78	 30	(0,2)
2026-05-28 15:25:31	 11091	 60	573	40	 247.85	 -3	-4 	100	 78	 30	(0,2)
2026-05-28 15:25:32	 11126	 -11	435	48	 247.85	 -3	-7 	100	 78	 30	(0,1)
2026-05-28 15:25:33	 11161	 -48	305	48	 172.27	 -1	0 	100	 78	 30	(0,1)
2026-05-28 15:25:34	 11196	 -48	319	48	 198.63	 -1	-2 	100	 78	 30	(0,1)
2026-05-28 15:25:35	 11231	 -168	310	64	 137.11	 -6	2 	100	 78	 30	(0,1)
2026-05-28 15:25:36	 11269	 -241	366	64	 79.10	 0	2 	100	 78	 30	(0,1)
2026-05-28 15:25:37	 11304	 -172	431	64	 43.95	 0	0 	100	 78	 30	(0,1)
2026-05-28 15:25:41	 11415	 -161	454	200	 77.34	 0	4 	100	 78	 30	(0,1)
2026-05-28 15:25:42	 11450	 -155	527	200	 159.96	 -2	0 	100	 78	 20	(0,2)
2026-05-28 15:25:43	 11485	 -228	527	200	 196.88	 3	0 	100	 78	 20	(0,2)
2026-05-28 15:26:19	 12758	 -90	524	200	 239.06	 -2	-3 	100	 78	 20	(0,2)
2026-05-28 15:26:20	 12793	 -239	355	131	 254.88	 -5	-6 	100	 78	 20	(0,1)
2026-05-28 15:26:22	 12856	 -197	329	64	 349.80	 5	-1 	100	 78	 20	(0,1)
2026-05-28 15:26:23	 12891	 -107	303	54	 356.84	 3	0 	100	 78	 20	(0,1)
2026-05-28 15:26:24	 12926	 46	161	48	 279.49	 2	-8 	100	 78	 20	(0,0)
2026-05-28 15:26:25	 12961	 159	-58	24	 9.14	 6	-4 	100	 78	 20	(0,0)
2026-05-28 15:26:26	 12996	 366	54	24	 58.36	 4	6 	100	 78	 20	(1,0)
2026-05-28 15:26:27	 13031	 483	307	24	 105.82	 -1	7 	100	 78	 20	(1,1)
2026-05-28 15:26:28	 13066	 446	317	24	 33.75	 -4	-5 	100	 78	 20	(1,1)
2026-05-28 15:26:29	 13101	 544	362	24	 53.09	 5	4 	100	 78	 20	(2,1)
2026-05-28 15:26:30	 13136	 565	590	24	 144.49	 -6	5 	100	 78	 20	(2,2)
2026-05-28 15:26:31	 13171	 372	705	24	 197.23	 -6	-1 	100	 78	 20	(1,2)
2026-05-28 15:26:32	 13206	 133	741	24	 132.19	 -6	1 	100	 78	 20	(0,2)
2026-05-28 15:26:33	 13241	 13	807	24	 109.34	 -2	1 	100	 78	 20	(0,3)
2026-05-28 15:26:34	 13276	 -36	834	24	 35.51	 -2	-4 	100	 78	 20	(0,3)
2026-05-28 15:26:35	 13311	 80	794	24	 348.05	 7	-2 	100	 78	 20	(0,3)
2026-05-28 15:26:36	 13346	 200	677	24	 9.14	 6	-2 	100	 78	 20	(0,2)
2026-05-28 15:26:37	 13381	 472	698	24	 0.35	 8	0 	100	 78	 20	(1,2)
2026-05-28 15:26:38	 13416	 606	689	24	 9.14	 4	-1 	100	 78	 20	(2,2)
2026-05-28 15:26:39	 13451	 815	709	24	 9.14	 0	0 	100	 78	 20	(3,2)
2026-05-28 15:26:40	 13496	 818	722	24	 9.14	 2	0 	100	 78	 19	(3,2)
2026-05-28 15:26:41	 13531	 958	750	40	 40.78	 5	2 	100	 78	 19	(3,3)
2026-05-28 15:26:42	 13566	 1130	857	72	 10.90	 6	2 	100	 78	 19	(4,3)
2026-05-28 15:26:43	 13601	 1321	898	120	 337.50	 5	-2 	100	 78	 19	(5,3)
2026-05-28 15:26:44	 13636	 1450	763	168	 268.95	 0	-6 	100	 78	 19	(5,3)
2026-05-28 15:26:45	 13671	 1464	542	216	 274.22	 0	-3 	100	 78	 19	(5,2)
2026-05-28 15:26:46	 13706	 1470	468	232	 323.44	 0	-1 	100	 78	 19	(5,1)
2026-05-28 15:26:49	 13813	 1477	469	232	 284.77	 0	0 	 97	 72	 17	(5,1)
2026-05-28 15:26:50	 13852	 1494	559	216	 260.16	 0	5 	 97	 72	 17	(5,2)
2026-05-28 15:26:51	 13887	 1493	593	200	 251.37	 -2	-6 	 97	 72	 16	(5,2)
2026-05-28 15:26:52	 13922	 1440	421	248	 207.42	 0	-1 	 97	 72	 16	(5,1)
2026-05-28 15:26:53	 13957	 1299	425	248	 163.48	 -8	1 	 97	 72	 16	(5,1)
2026-05-28 15:26:54	 13992	 1132	346	248	 260.16	 -4	-7 	 98	 72	 16	(4,1)
2026-05-28 15:26:55	 14027	 1109	304	248	 325.20	 1	-1 	 98	 72	 16	(4,1)
2026-05-28 15:26:56	 14062	 1294	315	248	 26.72	 7	2 	 98	 72	 16	(5,1)
2026-05-28 15:26:57	 14097	 1557	420	248	 10.90	 7	2 	 98	 72	 16	(6,1)
2026-05-28 15:26:58	 14132	 1700	356	248	 291.80	 3	-7 	 98	 72	 16	(6,1)
2026-05-28 15:26:59	 14167	 1733	316	248	 268.95	 -1	6 	 99	 82	 16	(6,1)
2026-05-28 15:27:00	 14202	 1737	431	248	 239.06	 0	0 	 99	 83	 16	(6,1)
2026-05-28 15:27:01	 14237	 1600	360	248	 191.60	 -8	-3 	 99	 83	 16	(6,1)
2026-05-28 15:27:02	 14272	 1430	272	248	 272.46	 -1	-1 	 99	 83	 16	(5,1)
2026-05-28 15:27:03	 14307	 1448	262	248	 295.31	 2	-4 	 99	 83	 16	(5,1)
2026-05-28 15:27:04	 14342	 1535	39	198	 260.16	 1	-9 	 99	 83	 16	(6,0)
2026-05-28 15:27:05	 14377	 1531	-240	136	 189.84	 -1	0 	 99	 83	 16	(6,0)
2026-05-28 15:27:06	 14412	 1464	-223	136	 131.84	 -1	0 	 99	 83	 16	(5,0)
2026-05-28 15:27:07	 14447	 1337	-165	136	 156.45	 -4	1 	 99	 83	 16	(5,0)
2026-05-28 15:27:08	 14482	 1180	-133	99	 163.48	 -7	1 	 99	 83	 16	(4,0)
2026-05-28 15:27:09	 14517	 974	-80	40	 163.48	 -1	0 	 99	 83	 16	(3,0)
2026-05-28 15:27:10	 14552	 882	-51	24	 163.48	 -5	1 	 99	 83	 16	(3,0)
2026-05-28 15:27:11	 14595	 863	-46	24	 163.48	 -4	1 	 96	 77	 15	(3,0)
2026-05-28 15:27:12	 14630	 624	24	24	 163.48	 -8	2 	 96	 77	 15	(2,0)
2026-05-28 15:27:13	 14665	 528	56	24	 196.88	 0	0 	 96	 77	 15	(2,0)
2026-05-28 15:27:15	 14708	 488	-74	24	 191.60	 -6	-5 	 96	 77	 15	(1,0)
2026-05-28 15:27:16	 14743	 419	-69	24	 163.48	 -6	1 	 96	 77	 15	(1,0)
2026-05-28 15:27:17	 14778	 168	-7	24	 175.78	 -9	0 	 96	 77	 15	(0,0)
2026-05-28 15:27:18	 14813	 -120	18	24	 175.78	 -9	0 	 96	 77	 15	(0,0)
2026-05-28 15:27:19	 14848	 -210	95	24	 258.40	 1	6 	 96	 77	 15	(0,0)
2026-05-28 15:27:20	 14883	 -176	175	48	 270.70	 0	0 	 93	 71	 15	(0,0)
2026-05-28 15:27:22	 14956	 -180	158	46	 242.58	 -1	-4 	 91	 67	 14	(0,0)
2026-05-28 15:27:23	 14991	 -338	75	24	 144.14	 -7	2 	 91	 67	 14	(-1,0)
2026-05-28 15:27:24	 15026	 -591	131	24	 240.82	 -7	-4 	 91	 67	 14	(-2,0)
2026-05-28 15:27:25	 15078	 -662	-29	24	 268.95	 -1	-7 	 91	 67	 14	(-2,0)
2026-05-28 15:27:30	 15233	 -672	-112	152	 23.20	 -4	-1 	 91	 67	 14	(-2,0)
2026-05-28 15:27:31	 15268	 -620	-108	152	 3.87	 6	0 	 91	 67	 14	(-2,0)
2026-05-28 15:27:32	 15303	 -529	-74	160	 54.84	 0	3 	 91	 92	 14	(-2,0)
2026-05-28 15:27:33	 15344	 -537	-77	160	 116.37	 0	-7 	 91	 92	 14	(-2,0)
2026-05-28 15:27:34	 15392	 -652	-112	95	 170.86	 -6	0 	 91	 92	 14	(-2,0)
2026-05-28 15:27:35	 15427	 -688	-104	84	 170.86	 0	0 	 91	 92	 14	(-2,0)
2026-05-28 15:27:37	 15476	 -618	-112	152	 102.30	 0	0 	 91	 92	 14	(-2,0)
2026-05-28 15:27:38	 15511	 -623	-48	152	 102.30	 -1	2 	 91	 92	 14	(-2,0)
2026-05-28 15:27:39	 15546	 -660	47	24	 102.30	 -1	0 	 91	 92	 14	(-2,0)
2026-05-28 15:27:40	 15581	 -656	135	24	 74.18	 1	6 	 91	 92	 14	(-2,0)
2026-05-28 15:27:41	 15616	 -704	376	24	 133.95	 -1	4 	 91	 92	 14	(-2,1)
2026-05-28 15:27:42	 15675	 -704	437	24	 200.74	 -1	-2 	 91	 92	 14	(-2,1)
2026-05-28 15:27:43	 15710	 -848	404	24	 170.86	 -2	-1 	 91	 92	 14	(-3,1)
2026-05-28 15:27:44	 15745	 -866	404	24	 151.52	 -1	-1 	 91	 92	 13	(-3,1)
2026-05-28 15:27:47	 15839	 -886	407	24	 169.10	 -1	0 	 87	 84	 11	(-3,1)
2026-05-28 15:27:49	 15907	 -929	412	24	 172.62	 -6	0 	 87	 84	 10	(-3,1)
2026-05-28 15:27:50	 15942	 -1013	421	24	 172.62	 -1	0 	 87	 84	  9	(-4,1)
2026-05-28 15:27:51	 15980	 -1049	494	24	 88.24	 -2	6 	 87	 84	  9	(-4,1)
2026-05-28 15:27:52	 16015	 -1035	713	24	 72.42	 0	3 	 82	 74	  9	(-4,2)
2026-05-28 15:27:53	 16050	 -1026	755	24	 95.27	 -1	3 	 82	 74	  8	(-4,3)
2026-05-28 15:27:54	 16085	 -975	943	24	 58.36	 1	2 	 82	 74	  8	(-3,3)
2026-05-28 15:27:55	 16120	 -964	965	24	 10.90	 0	0 	 82	 74	  8	(-3,3)
2026-05-28 15:27:57	 16186	 -832	1034	8	 24.96	 7	3 	 75	 60	  7	(-3,4)
2026-05-28 15:27:58	 16221	 -688	1105	16	 342.77	 0	0 	 70	 50	  6	(-2,4)
2026-05-28 15:27:59	 16256	 -657	1118	16	 16.17	 0	1 	 63	 36	  6	(-2,4)
2026-05-28 15:28:00	 16291	 -657	1113	16	 314.65	 0	-1 	 63	 36	  6	(-2,4)
2026-05-28 15:28:01	 16328	 -647	1147	16	 21.45	 3	2 	 60	 30	  6	(-2,4)
2026-05-28 15:28:02	 16363	 -494	1132	14	 281.25	 2	-6 	 53	 26	  6	(-1,4)
2026-05-28 15:28:03	 16398	 -459	1066	8	 170.51	 0	-1 	 52	 22	  6	(-1,4)
2026-05-28 15:28:04	 16433	 -574	1102	16	 133.59	 -4	1 	 52	 22	  6	(-2,4)
2026-05-28 15:28:06	 16491	 -576	1125	16	 98.44	 -1	3 	 52	 22	  5	(-2,4)
2026-05-28 15:28:07	 16526	 -556	1017	16	 98.44	 0	-3 	 52	 22	  5	(-2,4)
2026-05-28 15:28:08	 16561	 -553	995	16	 98.44	 0	-1 	 52	 22	  5	(-2,3)
2026-05-28 15:28:09	 16596	 -566	1072	16	 135.35	 -1	0 	 52	 22	  5	(-2,4)
2026-05-28 15:28:10	 16632	 -576	1079	16	 179.30	 -1	0 	 52	 22	  5	(-2,4)
2026-05-28 15:28:11	 16667	 -576	1047	16	 203.91	 0	-1 	 52	 22	  5	(-2,4)
2026-05-28 15:28:12	 16702	 -679	1014	16	 203.91	 -7	-3 	 52	 22	  5	(-2,4)
2026-05-28 15:28:13	 16737	 -944	906	24	 223.24	 -8	-5 	 51	 18	  5	(-3,3)
2026-05-28 15:28:14	 16772	 -1071	805	24	 258.40	 -1	-1 	 51	 18	  5	(-4,3)
2026-05-28 15:28:15	 16812	 -1071	747	24	 274.22	 0	-4 	 51	 18	  5	(-4,2)
2026-05-28 15:28:16	 16847	 -1061	590	24	 202.15	 0	-2 	 51	 18	  5	(-4,2)
2026-05-28 15:28:17	 16882	 -1149	543	24	 198.63	 -6	-3 	 51	 18	  5	(-4,2)
2026-05-28 15:28:18	 16917	 -1294	493	24	 182.81	 -5	-1 	 51	 18	  5	(-5,1)
2026-05-28 15:28:19	 16952	 -1440	484	24	 175.78	 -4	0 	 51	 18	  5	(-5,1)
2026-05-28 15:28:20	 16987	 -1600	498	40	 172.27	 -6	0 	 51	 18	  5	(-6,1)
2026-05-28 15:28:21	 17022	 -1701	535	88	 138.87	 -1	0 	 51	 18	  5	(-6,2)
2026-05-28 15:28:22	 17057	 -1685	502	72	 116.02	 0	-2 	 51	 18	  4	(-6,2)
2026-05-28 15:28:23	 17098	 -1676	487	72	 119.53	 -1	1 	 51	 18	  3	(-6,1)
2026-05-28 15:28:24	 17133	 -1757	608	136	 101.95	 -1	1 	 51	 18	  3	(-7,2)
2026-05-28 15:28:25	 17168	 -1778	720	168	 82.62	 -1	2 	 51	 18	  3	(-7,2)
2026-05-28 15:28:26	 17203	 -1772	801	200	 82.62	 0	0 	 51	 18	  3	(-7,3)
2026-05-28 15:28:27	 17238	 -1773	857	216	 79.10	 -1	0 	 51	 18	  3	(-7,3)
2026-05-28 15:28:29	 17292	 -1795	882	216	 140.62	 -5	3 	 51	 18	  3	(-7,3)
2026-05-28 15:28:30	 17327	 -1904	941	168	 195.12	 -1	-1 	 51	 18	  3	(-7,3)
2026-05-28 15:28:33	 17457	 -1903	978	120	 87.89	 -1	2 	 49	 14	  1	(-7,3)
2026-05-28 15:28:34	 17492	 -1904	987	120	 72.07	 0	0 	 49	 14	  0	(-7,3)
2026-05-28 15:28:35	 17527	 -1873	1125	120	 72.07	 0	1 	 49	 39	200	(-7,4)
2026-05-28 15:28:36	 17562	 -1920	1040	120	 72.07	 -1	-1 	 49	 39	200	(-7,4)
2026-05-28 15:28:37	 17603	 -1897	1096	120	 52.73	 1	3 	 49	 39	200	(-7,4)
2026-05-28 15:28:42	 17777	 -1920	1135	120	 191.25	 0	0 	 49	 39	195	(-7,4)
2026-05-28 15:28:46	 17888	 -1915	1098	120	 226.41	 -5	-5 	 43	 27	190	(-7,4)
2026-05-28 15:28:47	 17923	 -1920	1060	120	 251.02	 0	-1 	 43	 27	190	(-7,4)
2026-05-28 15:28:48	 17958	 -1874	1135	120	 251.02	 1	0 	 43	 27	190	(-7,4)
2026-05-28 15:28:49	 18002	 -1904	1013	120	 247.50	 -1	-5 	 43	 27	195	(-7,4)
2026-05-28 15:28:50	 18037	 -1880	969	120	 294.96	 1	-3 	 43	 27	195	(-7,3)
2026-05-28 15:28:54	 18170	 -1902	928	232	 7.03	 2	0 	 43	 27	195	(-7,3)
2026-05-28 15:28:55	 18205	 -1739	933	232	 73.83	 1	0 	 43	 27	195	(-6,3)
2026-05-28 15:28:56	 18240	 -1734	972	248	 123.05	 -1	3 	 43	 27	195	(-6,3)
2026-05-28 15:28:57	 18275	 -1767	1014	248	 72.07	 -1	-2 	 43	 27	195	(-7,4)
2026-05-28 15:28:59	 18370	 -1777	1005	248	 172.27	 -4	0 	 43	 27	195	(-7,4)
2026-05-28 15:29:00	 18405	 -1775	1028	248	 202.15	 3	1 	 43	 27	195	(-7,4)
2026-05-28 15:29:03	 18508	 -1813	1006	248	 351.21	 1	-1 	 43	 27	195	(-7,4)
2026-05-28 15:29:04	 18543	 -1683	986	248	 351.21	 4	-1 	 43	 27	195	(-6,3)
2026-05-28 15:29:05	 18578	 -1570	972	248	 354.73	 4	-1 	 43	 27	195	(-6,3)
2026-05-28 15:29:06	 18613	 -1450	961	248	 1.76	 2	-1 	 43	 27	195	(-5,3)
2026-05-28 15:29:07	 18648	 -1350	967	248	 22.85	 1	0 	 43	 28	195	(-5,3)
2026-05-28 15:29:08	 18683	 -1315	978	248	 68.55	 0	0 	 43	 28	195	(-5,3)
2026-05-28 15:29:09	 18720	 -1290	1040	248	 68.55	 1	2 	 43	 28	195	(-5,4)
2026-05-28 15:29:10	 18755	 -1278	1121	248	 103.71	 -1	1 	 43	 28	195	(-5,4)
2026-05-28 15:29:11	 18790	 -1285	1160	248	 163.48	 -1	0 	 43	 29	195	(-5,4)
2026-05-28 15:29:12	 18825	 -1350	1173	248	 175.78	 -4	0 	 43	 29	195	(-5,4)
2026-05-28 15:29:13	 18860	 -1485	1188	248	 158.20	 -3	0 	 43	 29	195	(-5,4)
2026-05-28 15:29:14	 18895	 -1525	1211	248	 89.65	 -1	0 	 43	 30	195	(-6,4)
2026-05-28 15:29:15	 18930	 -1519	1397	248	 82.62	 0	7 	 43	 30	195	(-6,5)
2026-05-28 15:29:16	 18965	 -1499	1647	188	 108.98	 -1	0 	 43	100	195	(-5,6)
2026-05-28 15:29:17	 19000	 -1567	1712	10	 159.96	 -3	2 	 43	100	 20	(-6,6)
2026-05-28 15:29:18	 19035	 -1599	1730	0	 263.67	 -1	-2 	 35	 84	 20	(-6,6)
2026-05-28 15:29:19	 19071	 -1495	1584	0	 286.52	 2	-1 	 35	 84	 20	(-5,6)
2026-05-28 15:29:23	 19189	 -1489	1529	248	 93.16	 0	-7 	 35	 84	 20	(-5,6)
2026-05-28 15:29:24	 19224	 -1489	1387	248	 110.74	 0	-1 	 35	 84	 20	(-5,5)
2026-05-28 15:29:25	 19259	 -1502	1416	248	 105.47	 -2	5 	 35	 84	 20	(-6,5)
2026-05-28 15:29:26	 19294	 -1489	1597	196	 42.19	 0	1 	 35	 84	 20	(-5,6)
2026-05-28 15:29:27	 19329	 -1503	1584	56	 86.13	 -1	0 	 35	 84	 20	(-6,6)
2026-05-28 15:29:28	 19377	 -1509	1592	0	 86.13	 -1	-1 	 27	 68	 19	(-6,6)
2026-05-28 15:29:29	 19420	 -1511	1613	0	 89.65	 0	5 	 27	 68	 18	(-6,6)
2026-05-28 15:29:30	 19455	 -1510	1693	7	 89.65	 0	5 	 24	 62	 18	(-6,6)
2026-05-28 15:29:31	 19490	 -1511	1807	0	 94.92	 -1	1 	 24	 62	 17	(-6,7)
2026-05-28 15:29:32	 19525	 -1516	1912	0	 40.43	 -1	1 	 24	 62	 17	(-6,7)
2026-05-28 15:29:33	 19560	 -1475	1886	0	 291.45	 3	-6 	 24	 62	 17	(-5,7)
2026-05-28 15:29:34	 19595	 -1445	1750	0	 212.34	 -1	-1 	 24	 62	 17	(-5,7)
2026-05-28 15:29:35	 19630	 -1617	1755	0	 170.16	 -8	0 	 24	 62	 17	(-6,7)
2026-05-28 15:29:36	 19665	 -1712	1856	0	 78.75	 0	3 	 24	 72	 17	(-6,7)
2026-05-28 15:29:37	 19700	 -1670	2041	0	 45.35	 2	1 	 24	 72	 17	(-6,8)
2026-05-28 15:29:38	 19735	 -1451	2059	0	 338.55	 7	-3 	 24	 72	 21	(-5,8)
2026-05-28 15:29:39	 19770	 -1361	1994	0	 75.23	 0	-1 	 24	 72	 21	(-5,7)
2026-05-28 15:29:40	 19805	 -1423	2047	0	 154.34	 -6	2 	 24	 72	 21	(-5,8)
2026-05-28 15:29:41	 19840	 -1541	2095	0	 131.48	 -1	0 	 24	 72	 21	(-6,8)
2026-05-28 15:29:42	 19875	 -1596	2093	0	 170.16	 -5	-1 	 24	 72	 21	(-6,8)
2026-05-28 15:29:43	 19910	 -1637	2087	0	 133.24	 -1	0 	 24	 72	 21	(-6,8)
2026-05-28 15:29:44	 19945	 -1719	2141	0	 78.75	 -1	0 	 24	 72	 21	(-6,8)
2026-05-28 15:29:45	 19980	 -1705	2275	0	 76.99	 2	1 	 24	 72	 21	(-6,9)
2026-05-28 15:29:46	 20015	 -1680	2287	0	 6.68	 0	0 	 24	 72	 21	(-6,9)
2026-05-28 15:29:47	 20050	 -1502	2283	0	 352.62	 5	-1 	 24	 97	 21	(-6,9)
2026-05-28 15:29:48	 20085	 -1385	2271	0	 352.62	 3	-1 	 24	 97	 21	(-5,9)
2026-05-28 15:29:49	 20120	 -1276	2257	-14	 349.10	 4	-1 	 24	 97	 21	(-5,9)
2026-05-28 15:29:50	 20155	 -1156	2215	-32	 359.65	 6	-2 	 24	 97	 21	(-4,8)
2026-05-28 15:29:51	 20190	 -981	2195	-80	 22.50	 4	0 	 24	 97	 21	(-3,8)
2026-05-28 15:29:52	 20225	 -878	2220	-96	 11.95	 5	2 	 24	 97	 21	(-3,8)
2026-05-28 15:29:53	 20260	 -707	2304	-144	 31.29	 3	2 	 24	 97	 21	(-2,9)
2026-05-28 15:29:54	 20295	 -673	2325	-144	 15.47	 0	0 	 24	 97	 21	(-2,9)
2026-05-28 15:29:56	 20358	 -759	2307	-128	 11.95	 -2	-1 	 24	 97	 19	(-3,9)
2026-05-28 15:29:57	 20393	 -867	2284	-112	 11.95	 -5	-1 	 19	 87	 19	(-3,9)
2026-05-28 15:29:58	 20428	 -903	2272	-96	 11.95	 -3	-2 	 19	 87	 18	(-3,9)
2026-05-28 15:29:59	 20463	 -785	2289	-128	 15.47	 0	1 	 19	 87	 18	(-3,9)
2026-05-28 15:30:00	 20498	 -673	2332	-144	 10.20	 0	0 	 19	 87	 18	(-2,9)
2026-05-28 15:30:04	 20621	 -597	2325	-144	 352.62	 6	-1 	 19	 87	 16	(-2,9)
2026-05-28 15:30:05	 20656	 -510	2314	-144	 99.84	 0	-1 	 19	 87	 16	(-2,9)
2026-05-28 15:30:06	 20691	 -551	2473	-144	 84.02	 0	1 	 19	100	 16	(-2,9)
2026-05-28 15:30:07	 20730	 -519	2464	-144	 8.44	 6	1 	 19	100	 16	(-2,9)
2026-05-28 15:30:08	 20765	 -314	2404	-144	 312.19	 0	-1 	 19	100	 16	(-1,9)
2026-05-28 15:30:09	 20800	 -325	2471	-144	 222.54	 -3	-2 	 19	100	 16	(-1,9)
2026-05-28 15:30:10	 20835	 -499	2317	-144	 255.94	 -4	-5 	 19	100	 16	(-1,9)
2026-05-28 15:30:11	 20874	 -562	2217	-144	 278.79	 -1	3 	 19	100	 20	(-2,8)
2026-05-28 15:30:12	 20909	 -509	2273	-144	 333.28	 6	-2 	 19	100	 20	(-2,9)
2026-05-28 15:30:13	 20944	 -295	2217	-144	 31.29	 2	2 	 19	100	 20	(-1,8)
2026-05-28 15:30:14	 20979	 -352	2192	-144	 92.81	 -2	0 	 19	100	 20	(-1,8)
2026-05-28 15:30:15	 21014	 -353	2388	-144	 20.74	 0	3 	 19	100	 20	(-1,9)
2026-05-28 15:30:16	 21049	 -343	2429	-144	 308.67	 0	0 	 19	100	 20	(-1,9)
2026-05-28 15:30:17	 21085	 -339	2349	-146	 306.91	 -1	-3 	 19	100	 20	(-1,9)
2026-05-28 15:30:31	 21497	 -1472	-3344	64	 84.73	 0	0 	 19	100	 20	(-5,-13)
2026-05-28 15:30:32	 21532	 -1453	-3239	64	 125.16	 2	-4 	 19	100	 24	(-5,-12)
2026-05-28 15:30:33	 21567	 -1361	-3336	64	 172.62	 0	-1 	 19	100	 24	(-5,-13)
2026-05-28 15:30:34	 21602	 -1560	-3359	64	 195.47	 -8	-3 	 19	100	 24	(-6,-13)
2026-05-28 15:30:35	 21637	 -1648	-3350	64	 74.18	 0	3 	 19	100	 24	(-6,-13)
2026-05-28 15:30:36	 21672	 -1564	-3217	64	 16.17	 5	0 	 19	100	 24	(-6,-12)
2026-05-28 15:30:37	 21707	 -1436	-3217	64	 111.09	 0	0 	 19	100	 24	(-5,-12)
2026-05-28 15:30:38	 21742	 -1500	-3199	64	 140.98	 -6	3 	 19	100	 24	(-6,-12)
2026-05-28 15:30:39	 21777	 -1539	-3208	64	 91.76	 -1	2 	 19	100	 24	(-6,-12)
2026-05-28 15:30:40	 21812	 -1564	-3140	64	 149.77	 -5	2 	 19	100	 24	(-6,-12)
2026-05-28 15:30:41	 21847	 -1792	-3025	64	 167.34	 -4	0 	 20	100	 24	(-7,-12)
2026-05-28 15:30:42	 21882	 -1876	-3016	64	 88.24	 -1	0 	 20	100	 24	(-7,-12)
2026-05-28 15:30:43	 21925	 -1900	-3062	64	 65.39	 -1	-3 	 20	100	 23	(-7,-12)
2026-05-28 15:30:44	 21960	 -1912	-3086	64	 33.75	 -1	-1 	 19	 98	 22	(-7,-12)
2026-05-28 15:30:46	 22040	 -1923	-2974	64	 82.97	 -1	1 	 19	 98	 21	(-7,-11)
2026-05-28 15:30:47	 22082	 -1923	-2958	64	 75.94	 0	2 	 19	 98	 21	(-7,-11)
2026-05-28 15:30:48	 22117	 -1866	-2731	64	 75.94	 1	7 	 19	 98	 21	(-7,-10)
2026-05-28 15:30:49	 22152	 -1871	-2673	64	 56.60	 -4	-6 	 19	 98	 21	(-7,-10)
2026-05-28 15:30:50	 22187	 -1968	-2832	64	 9.14	 0	-2 	 19	 98	 25	(-7,-11)
2026-05-28 15:30:51	 22222	 -1809	-2789	64	 28.48	 0	1 	 19	 98	 25	(-7,-11)
2026-05-28 15:30:52	 22257	 -1809	-2643	64	 60.12	 0	5 	 20	 98	 25	(-7,-10)
2026-05-28 15:30:53	 22292	 -1785	-2537	64	 351.56	 0	0 	 20	 98	 25	(-7,-10)
2026-05-28 15:30:54	 22327	 -1651	-2548	64	 351.56	 7	-1 	 20	 98	 25	(-6,-10)
2026-05-28 15:30:55	 22362	 -1621	-2605	64	 279.49	 0	-6 	 21	 98	 25	(-6,-10)
2026-05-28 15:30:56	 22397	 -1660	-2503	64	 225.00	 -1	2 	 21	100	 25	(-6,-10)
2026-05-28 15:30:57	 22432	 -1727	-2538	64	 256.64	 -4	-6 	 21	100	 25	(-6,-10)
2026-05-28 15:30:58	 22467	 -1796	-2608	64	 244.34	 -3	-1 	 22	100	 25	(-7,-10)
2026-05-28 15:30:59	 22502	 -1899	-2775	64	 270.70	 -2	-8 	 22	100	 25	(-7,-11)
2026-05-28 15:31:00	 22537	 -1833	-3023	64	 353.32	 6	-4 	 22	100	 25	(-7,-12)
2026-05-28 15:31:01	 22572	 -1647	-3072	64	 356.84	 3	-1 	 22	100	 25	(-6,-12)
2026-05-28 15:31:02	 22607	 -1601	-3074	64	 2.11	 4	0 	 22	100	 24	(-6,-12)
2026-05-28 15:31:03	 22642	 -1354	-3090	64	 358.59	 8	-2 	 22	100	 24	(-5,-12)
2026-05-28 15:31:04	 22677	 -1106	-3010	64	 95.27	 3	6 	 22	100	 24	(-4,-12)
2026-05-28 15:31:05	 22712	 -1122	-2838	64	 104.06	 -3	6 	 22	100	 24	(-4,-11)
2026-05-28 15:31:06	 22747	 -1163	-2643	64	 126.91	 -1	1 	 21	 98	 24	(-4,-10)
2026-05-28 15:31:08	 22793	 -1167	-2628	64	 163.83	 -3	0 	 21	 98	 23	(-4,-10)
2026-05-28 15:31:09	 22828	 -1207	-2598	64	 186.68	 -1	0 	 21	 98	 23	(-4,-10)
2026-05-28 15:31:10	 22863	 -1389	-2608	64	 177.89	 -1	0 	 23	 98	 23	(-5,-10)
2026-05-28 15:31:11	 22913	 -1184	-2604	64	 172.62	 8	-1 	 23	 98	 23	(-4,-10)
2026-05-28 15:31:12	 22948	 -1043	-2618	64	 244.69	 -2	-3 	 23	 98	 23	(-4,-10)
2026-05-28 15:31:13	 22983	 -1122	-2837	64	 251.72	 -3	-8 	 23	 98	 23	(-4,-11)
2026-05-28 15:31:14	 23018	 -1224	-3105	64	 207.77	 -5	-7 	 23	 98	 23	(-4,-12)
2026-05-28 15:31:15	 23053	 -1416	-3133	64	 158.55	 -8	2 	 23	 98	 23	(-5,-12)
2026-05-28 15:31:16	 23088	 -1686	-3048	64	 165.59	 -9	2 	 23	 98	 23	(-6,-12)
2026-05-28 15:31:17	 23123	 -1910	-2961	64	 90.00	 -4	6 	 23	 98	 23	(-7,-11)
2026-05-28 15:31:18	 23158	 -1909	-2694	64	 79.45	 1	8 	 23	 98	 23	(-7,-10)
2026-05-28 15:31:19	 23193	 -1859	-2531	64	 125.16	 0	0 	 23	 98	 23	(-7,-10)
2026-05-28 15:31:22	 23310	 -1898	-2525	64	 183.16	 -7	-1 	 23	 98	 22	(-7,-10)
2026-05-28 15:31:23	 23345	 -2151	-2510	64	 112.85	 -5	2 	 23	 98	 22	(-8,-10)
2026-05-28 15:31:24	 23380	 -2160	-2609	64	 35.51	 0	-3 	 23	 99	 22	(-8,-10)
2026-05-28 15:31:25	 23415	 -2160	-2640	64	 42.54	 0	-1 	 23	 99	 21	(-8,-10)
2026-05-28 15:31:28	 23495	 -2096	-2465	64	 58.36	 3	7 	 23	 99	 20	(-8,-9)
2026-05-28 15:31:29	 23530	 -2048	-2380	64	 58.36	 -3	-5 	 23	 99	 40	(-8,-9)
2026-05-28 15:31:30	 23565	 -2151	-2532	64	 133.95	 -4	2 	 23	 99	 40	(-8,-10)
2026-05-28 15:31:31	 23600	 -2160	-2410	64	 82.97	 -3	5 	 23	100	 40	(-8,-9)
2026-05-28 15:31:32	 23635	 -2160	-2553	64	 81.21	 -1	-7 	 23	100	 40	(-8,-10)
2026-05-28 15:31:33	 23670	 -2106	-2509	64	 67.15	 3	6 	 23	100	 40	(-8,-10)
2026-05-28 15:31:34	 23705	 -1982	-2297	64	 72.42	 2	4 	 23	100	 40	(-7,-9)
2026-05-28 15:31:35	 23753	 -1955	-2264	64	 95.27	 -1	-2 	 17	 89	 39	(-7,-9)
2026-05-28 15:31:37	 23812	 -1957	-2280	64	 135.70	 1	-2 	 17	 89	 38	(-7,-9)
2026-05-28 15:31:38	 23847	 -1853	-2385	64	 77.70	 0	3 	 17	 89	 38	(-7,-9)
2026-05-28 15:31:39	 23882	 -1817	-2142	88	 100.55	 -1	8 	 17	 89	 38	(-7,-8)
2026-05-28 15:31:40	 23917	 -1888	-1950	96	 179.65	 -1	1 	 17	 89	 38	(-7,-7)
2026-05-28 15:31:41	 23952	 -1888	-1968	96	 207.77	 -1	-3 	 17	 89	 38	(-7,-7)
2026-05-28 15:31:42	 23987	 -1990	-1969	71	 195.47	 -4	0 	 17	 89	 38	(-7,-7)
2026-05-28 15:31:43	 24022	 -2090	-2005	32	 302.70	 0	-4 	 17	 89	 38	(-8,-8)
2026-05-28 15:31:44	 24057	 -2200	-1931	32	 318.52	 0	2 	 17	 89	 38	(-8,-7)
2026-05-28 15:31:45	 24092	 -2200	-1905	32	 292.15	 0	0 	 17	 89	 37	(-8,-7)
2026-05-28 15:31:47	 24158	 -2157	-2027	32	 318.52	 4	-6 	 17	 89	 37	(-8,-8)
2026-05-28 15:31:48	 24193	 -1943	-2180	32	 30.59	 7	0 	 17	 89	 41	(-7,-8)
2026-05-28 15:31:49	 24228	 -1935	-2089	32	 104.41	 -1	0 	 17	 89	 41	(-7,-8)
2026-05-28 15:31:50	 24263	 -1958	-2138	32	 150.12	 -6	1 	 17	 89	 41	(-7,-8)
2026-05-28 15:31:51	 24298	 -2074	-2077	32	 92.11	 -1	5 	 17	 89	 41	(-8,-8)
2026-05-28 15:31:52	 24333	 -2093	-1971	32	 97.38	 0	-3 	 17	 89	 41	(-8,-7)
2026-05-28 15:31:53	 24368	 -2095	-1964	32	 97.38	 -1	1 	 17	 89	 41	(-8,-7)
2026-05-28 15:31:54	 24403	 -2097	-1953	32	 97.38	 -1	1 	 17	 89	 41	(-8,-7)
2026-05-28 15:31:55	 24438	 -2099	-1936	32	 97.38	 0	-1 	 17	 89	 41	(-8,-7)
2026-05-28 15:31:56	 24473	 -2099	-1936	32	 97.38	 -1	0 	 17	 89	 41	(-8,-7)
2026-05-28 15:31:57	 24508	 -2096	-1959	32	 97.38	 0	-1 	 17	 89	 41	(-8,-7)
2026-05-28 15:31:58	 24552	 -2096	-1955	32	 97.38	 -1	3 	 17	 89	 41	(-8,-7)
2026-05-28 15:31:59	 24587	 -2102	-1916	32	 97.38	 -1	2 	 17	 89	 41	(-8,-7)
2026-05-28 15:32:00	 24622	 -2116	-1816	32	 97.38	 0	-4 	 17	 89	 41	(-8,-7)
2026-05-28 15:32:01	 24657	 -2126	-1745	32	 113.20	 -1	3 	100	 89	 41	(-8,-6)
2026-05-28 15:32:02	 24692	 -2065	-1751	32	 195.82	 0	0 	100	 89	 41	(-8,-7)
2026-05-28 15:32:05	 24819	 -2145	-1617	176	 116.72	 0	0 	 99	 88	 40	(-8,-6)
2026-05-28 15:32:06	 24854	 -2136	-1655	176	 34.10	 4	2 	 99	 98	 40	(-8,-6)
2026-05-28 15:32:07	 24889	 -2001	-1548	176	 72.77	 0	4 	 99	100	 40	(-8,-6)
2026-05-28 15:32:08	 24924	 -2056	-1489	176	 195.82	 -4	-1 	100	100	 40	(-8,-5)
2026-05-28 15:32:09	 24959	 -2127	-1522	176	 281.95	 -1	3 	100	100	 44	(-8,-6)
2026-05-28 15:32:10	 24994	 -2123	-1511	176	 267.89	 -1	-5 	100	100	 44	(-8,-6)
2026-05-28 15:32:11	 25029	 -2106	-1586	176	 11.60	 4	0 	100	100	 44	(-8,-6)
2026-05-28 15:32:12	 25064	 -2037	-1559	176	 320.62	 -6	2 	100	100	 50	(-8,-6)
2026-05-28 15:32:14	 25107	 -2128	-1532	176	 241.52	 -1	-3 	100	100	 50	(-8,-6)
2026-05-28 15:32:15	 25142	 -2128	-1591	176	 197.58	 -1	-3 	100	100	 50	(-8,-6)
2026-05-28 15:32:16	 25177	 -2185	-1658	176	 238.01	 -2	-3 	100	100	 50	(-8,-6)
2026-05-28 15:32:17	 25235	 -2220	-1809	32	 294.26	 1	-6 	100	100	 50	(-8,-7)
2026-05-28 15:32:18	 25270	 -2077	-2004	32	 16.88	 7	-2 	100	100	 50	(-8,-8)
2026-05-28 15:32:19	 25305	 -1887	-1969	96	 81.91	 1	0 	100	100	 50	(-7,-7)
2026-05-28 15:32:20	 25340	 -1844	-1941	96	 45.00	 4	4 	100	100	 50	(-7,-7)
2026-05-28 15:32:21	 25375	 -1809	-1884	96	 329.41	 0	0 	100	101	 50	(-7,-7)
2026-05-28 15:32:23	 25417	 -1771	-1870	104	 9.84	 1	0 	100	101	 50	(-7,-7)
2026-05-28 15:32:24	 25458	 -1776	-1878	104	 25.66	 -1	-1 	 93	 87	 49	(-7,-7)
2026-05-28 15:32:25	 25504	 -1831	-1882	96	 25.66	 -4	-1 	 89	 79	 48	(-7,-7)
2026-05-28 15:32:26	 25539	 -1866	-1885	96	 57.30	 -1	-1 	 89	 79	 47	(-7,-7)
2026-05-28 15:32:27	 25580	 -1946	-1750	96	 118.83	 -5	6 	 89	 80	 47	(-7,-7)
2026-05-28 15:32:28	 25615	 -1929	-1737	96	 2.81	 5	1 	 89	 80	 47	(-7,-6)
2026-05-28 15:32:29	 25650	 -1865	-1789	96	 303.05	 0	-5 	 89	 80	 47	(-7,-7)
2026-05-28 15:32:30	 25685	 -1761	-1864	104	 29.18	 0	2 	 89	 80	 47	(-7,-7)
2026-05-28 15:32:32	 25757	 -1780	-1849	104	 324.14	 -1	0 	 83	 68	 45	(-7,-7)
2026-05-28 15:32:34	 25807	 -1761	-1869	104	 341.72	 0	-1 	 83	 68	 44	(-7,-7)
2026-05-28 15:32:35	 25851	 -1761	-1876	104	 29.18	 -1	1 	 80	 62	 44	(-7,-7)
2026-05-28 15:32:36	 25886	 -1871	-1898	96	 29.18	 -7	-3 	 80	 62	 43	(-7,-7)
2026-05-28 15:32:37	 25921	 -1859	-1884	96	 95.98	 0	1 	 80	 62	 43	(-7,-7)
2026-05-28 15:32:38	 25956	 -1931	-1678	96	 73.12	 -1	7 	 80	 62	 43	(-7,-6)
2026-05-28 15:32:40	 26040	 -1932	-1639	96	 87.19	 -1	-1 	 78	 58	 42	(-7,-6)
2026-05-28 15:32:41	 26077	 -1927	-1546	96	 87.19	 0	7 	 77	 56	 41	(-7,-6)
2026-05-28 15:32:42	 26112	 -1923	-1386	96	 52.03	 -3	-3 	 70	 42	 40	(-7,-5)
2026-05-28 15:32:43	 26147	 -1881	-1346	96	 53.79	 4	5 	 70	 42	 40	(-7,-5)
2026-05-28 15:32:44	 26182	 -1815	-1238	96	 355.78	 0	0 	 68	 38	 43	(-7,-4)
2026-05-28 15:32:45	 26217	 -1840	-1230	96	 357.54	 -1	-1 	 66	 34	 42	(-7,-4)
2026-05-28 15:32:47	 26257	 -1840	-1320	96	 94.22	 0	-3 	 66	 34	 41	(-7,-5)
2026-05-28 15:32:48	 26292	 -1837	-1385	96	 92.46	 -1	5 	 66	 34	 41	(-7,-5)
2026-05-28 15:32:49	 26327	 -1797	-1154	96	 122.34	 0	3 	 66	 34	 41	(-7,-4)
2026-05-28 15:32:50	 26362	 -1883	-1102	96	 148.71	 -3	0 	 66	 34	 41	(-7,-4)
2026-05-28 15:32:51	 26397	 -1865	-1025	96	 62.58	 1	7 	 66	 34	 41	(-7,-4)
2026-05-28 15:32:52	 26432	 -1800	-960	96	 338.20	 5	-2 	 66	 34	 41	(-7,-3)
2026-05-28 15:32:53	 26467	 -1694	-1007	96	 239.77	 -1	-2 	 66	 59	 41	(-6,-4)
2026-05-28 15:32:54	 26502	 -1746	-1216	96	 215.16	 -4	-7 	 66	 59	 41	(-6,-4)
2026-05-28 15:32:55	 26537	 -1868	-1306	96	 92.11	 -1	-1 	 66	 59	 41	(-7,-5)
2026-05-28 15:32:56	 26572	 -1800	-1170	96	 93.87	 1	7 	 66	 59	 41	(-7,-4)
2026-05-28 15:32:57	 26607	 -1774	-1093	96	 67.50	 2	7 	 66	 59	 41	(-7,-4)
2026-05-28 15:32:58	 26642	 -1680	-944	96	 104.41	 0	8 	 66	 59	 41	(-6,-3)
2026-05-28 15:32:59	 26677	 -1751	-777	96	 42.89	 -1	1 	 66	 59	 41	(-7,-3)
2026-05-28 15:33:00	 26712	 -1598	-775	96	 343.12	 7	-2 	 66	 69	 45	(-6,-3)
2026-05-28 15:33:01	 26747	 -1498	-802	88	 2.46	 0	-1 	 66	 69	 45	(-5,-3)
2026-05-28 15:33:02	 26782	 -1550	-809	96	 5.98	 -8	-1 	 64	 65	 44	(-6,-3)
2026-05-28 15:33:03	 26817	 -1638	-816	96	 5.98	 -1	-1 	 64	 65	 43	(-6,-3)
2026-05-28 15:33:04	 26852	 -1767	-821	96	 5.98	 -2	-1 	 64	 65	 42	(-7,-3)
2026-05-28 15:33:05	 26887	 -1840	-861	96	 63.98	 -1	-5 	 63	 63	 42	(-7,-3)
2026-05-28 15:33:06	 26922	 -1838	-909	96	 69.26	 2	3 	 63	 63	 42	(-7,-3)
2026-05-28 15:33:07	 26957	 -1642	-791	96	 2.46	 7	0 	 63	 63	 42	(-6,-3)
2026-05-28 15:33:08	 26992	 -1488	-777	88	 2.46	 0	0 	 63	 63	 41	(-5,-3)
2026-05-28 15:33:09	 27027	 -1443	-751	88	 35.86	 4	3 	 63	 63	 41	(-5,-3)
2026-05-28 15:33:10	 27062	 -1261	-633	88	 13.01	 1	0 	 63	 63	 41	(-5,-2)
2026-05-28 15:33:11	 27097	 -1118	-594	88	 322.03	 1	0 	 63	 63	 41	(-4,-2)
2026-05-28 15:33:14	 27213	 -1106	-583	88	 262.27	 -1	2 	 55	 47	 39	(-4,-2)
2026-05-28 15:33:15	 27248	 -1108	-588	88	 267.54	 -1	-6 	 55	 47	 38	(-4,-2)
2026-05-28 15:33:16	 27283	 -1115	-736	-32	 220.08	 -1	-3 	 55	 72	 38	(-4,-2)
2026-05-28 15:33:17	 27318	 -1248	-721	-32	 158.55	 -8	3 	 54	 68	 38	(-4,-2)
2026-05-28 15:33:18	 27353	 -1296	-784	-29	 204.26	 -1	0 	 54	 68	 38	(-5,-3)
2026-05-28 15:33:21	 27458	 -1149	-768	23	 349.80	 2	-1 	 54	 68	 38	(-4,-3)
2026-05-28 15:33:22	 27493	 -1266	-743	41	 349.80	 -8	1 	 54	 68	 38	(-5,-2)
2026-05-28 15:33:24	 27561	 -1200	-767	75	 356.84	 7	-1 	 54	 68	 38	(-4,-3)
2026-05-28 15:33:25	 27596	 -1039	-778	88	 5.62	 0	-1 	 54	 68	 38	(-4,-3)
2026-05-28 15:33:26	 27631	 -929	-725	88	 349.80	 3	1 	 54	 68	 38	(-3,-2)
2026-05-28 15:33:27	 27666	 -849	-722	88	 342.77	 5	-2 	 54	 78	 38	(-3,-2)
2026-05-28 15:33:28	 27701	 -789	-740	88	 5.62	 0	-1 	 54	 78	 38	(-3,-2)
2026-05-28 15:33:29	 27736	 -662	-721	96	 24.96	 7	2 	 54	 78	 38	(-2,-2)
2026-05-28 15:33:30	 27776	 -614	-690	96	 344.53	 -4	0 	 55	 78	 38	(-2,-2)
2026-05-28 15:33:31	 27811	 -637	-655	96	 67.15	 1	4 	 55	 78	 38	(-2,-2)
2026-05-28 15:33:32	 27846	 -648	-596	96	 326.95	 -3	0 	 55	 78	 38	(-2,-2)
2026-05-28 15:33:33	 27881	 -675	-595	96	 316.41	 -1	0 	 55	 78	 38	(-2,-2)
2026-05-28 15:33:35	 27937	 -566	-671	96	 335.74	 4	-3 	 55	 78	 38	(-2,-2)
2026-05-28 15:33:36	 27972	 -504	-688	96	 267.19	 0	0 	 55	 79	 38	(-2,-2)
2026-05-28 15:33:37	 28007	 -504	-657	96	 283.01	 -1	0 	 55	 79	 37	(-2,-2)
2026-05-28 15:33:38	 28042	 -545	-657	96	 283.01	 -2	0 	 54	 76	 37	(-2,-2)
2026-05-28 15:33:39	 28077	 -603	-698	96	 261.91	 -3	-3 	 54	 76	 37	(-2,-2)
2026-05-28 15:33:40	 28112	 -616	-789	96	 295.31	 -1	-1 	 54	 76	 37	(-2,-3)
2026-05-28 15:33:41	 28161	 -674	-777	96	 161.72	 -5	1 	 54	 76	 37	(-2,-3)
2026-05-28 15:33:42	 28196	 -799	-767	88	 188.09	 -7	-1 	 54	 76	 41	(-3,-3)
2026-05-28 15:33:43	 28231	 -949	-786	88	 270.70	 -1	-1 	 54	 76	 41	(-3,-3)
2026-05-28 15:33:45	 28298	 -928	-785	88	 3.87	 5	0 	 54	 76	 41	(-3,-3)
2026-05-28 15:33:46	 28333	 -804	-784	88	 344.53	 0	-1 	 54	 76	 40	(-3,-3)
2026-05-28 15:33:47	 28368	 -664	-823	96	 314.65	 3	-2 	 54	 76	 40	(-2,-3)
2026-05-28 15:33:48	 28403	 -593	-940	96	 321.68	 0	-3 	 54	 77	 40	(-2,-3)
2026-05-28 15:33:49	 28447	 -592	-878	96	 31.99	 1	3 	 54	 77	 40	(-2,-3)
2026-05-28 15:33:50	 28482	 -511	-880	96	 297.07	 2	-1 	 54	 77	 48	(-2,-3)
2026-05-28 15:33:51	 28517	 -439	-950	96	 9.14	 4	-1 	 54	 77	 48	(-1,-3)
2026-05-28 15:33:52	 28552	 -401	-833	96	 86.48	 0	4 	 54	 77	 50	(-1,-3)
2026-05-28 15:33:53	 28587	 -405	-742	96	 95.27	 -1	6 	 54	 77	 49	(-1,-2)
2026-05-28 15:33:54	 28622	 -415	-637	96	 88.24	 -1	0 	 54	 77	 49	(-1,-2)
2026-05-28 15:33:55	 28663	 -465	-596	96	 114.61	 -5	4 	 54	 77	 50	(-1,-2)
2026-05-28 15:33:56	 28698	 -496	-517	96	 44.30	 0	0 	 54	 77	 50	(-1,-2)
2026-05-28 15:33:57	 28733	 -401	-442	96	 28.48	 0	0 	 54	 77	 50	(-1,-1)
2026-05-28 15:33:58	 28768	 -379	-411	96	 0.35	 0	0 	 55	 77	 50	(-1,-1)
2026-05-28 15:33:59	 28803	 -227	-401	96	 314.65	 6	-3 	 56	 77	 50	(0,-1)
2026-05-28 15:34:00	 28838	 -136	-456	96	 261.91	 0	-1 	 56	 77	 50	(0,-1)
2026-05-28 15:34:02	 28885	 -134	-526	96	 261.91	 -1	-3 	 56	 77	 49	(0,-2)
2026-05-28 15:34:03	 28920	 -135	-556	96	 261.91	 -1	-1 	 56	 77	 48	(0,-2)
2026-05-28 15:34:04	 28955	 -147	-635	96	 254.88	 -1	-1 	 56	 77	 47	(0,-2)
2026-05-28 15:34:05	 28996	 -176	-645	96	 154.69	 -1	0 	 56	 77	 47	(0,-2)
2026-05-28 15:34:06	 29031	 -176	-613	96	 221.48	 -1	-2 	 56	 77	 47	(0,-2)
2026-05-28 15:34:07	 29066	 -269	-685	96	 130.08	 -6	2 	 57	 77	 47	(-1,-2)
2026-05-28 15:34:08	 29101	 -240	-670	96	 217.97	 3	0 	 57	 77	 47	(0,-2)
2026-05-28 15:34:09	 29136	 -217	-723	96	 256.64	 -1	-3 	 57	 77	 47	(0,-2)
2026-05-28 15:34:10	 29171	 -282	-848	96	 288.28	 -1	-2 	 57	 79	 47	(-1,-3)
2026-05-28 15:34:11	 29206	 -222	-860	96	 355.08	 6	-2 	 57	 79	 47	(0,-3)
2026-05-28 15:34:12	 29241	 -55	-850	96	 116.37	 0	0 	 59	 79	 47	(0,-3)
2026-05-28 15:34:13	 29276	 -192	-710	96	 107.58	 -3	3 	 59	 79	 46	(0,-2)
2026-05-28 15:34:14	 29311	 -109	-773	96	 142.73	 6	-5 	 55	 71	 45	(0,-3)
2026-05-28 15:34:15	 29346	 -35	-825	96	 142.73	 2	-2 	 55	 71	 44	(0,-3)
2026-05-28 15:34:16	 29381	 -40	-835	96	 153.28	 -1	0 	 55	 71	 44	(0,-3)
2026-05-28 15:34:17	 29416	 -64	-820	96	 148.01	 -1	0 	 47	 55	 43	(0,-3)
2026-05-28 15:34:18	 29451	 -225	-676	96	 121.64	 -6	5 	 47	 55	 42	(0,-2)
2026-05-28 15:34:19	 29492	 -272	-529	96	 204.26	 2	0 	 47	 80	 50	(-1,-2)
2026-05-28 15:34:22	 29588	 -298	-532	96	 207.77	 -5	-1 	 47	 80	 49	(-1,-2)
2026-05-28 15:34:23	 29623	 -295	-634	96	 283.36	 1	-8 	 47	 80	 49	(-1,-2)
2026-05-28 15:34:24	 29658	 -129	-797	96	 42.89	 7	1 	 47	 80	 49	(0,-3)
2026-05-28 15:34:25	 29693	 -33	-669	96	 132.54	 -4	6 	 47	 80	 49	(0,-2)
2026-05-28 15:34:26	 29728	 -152	-459	96	 106.17	 -3	7 	 47	 80	 49	(0,-1)
2026-05-28 15:34:27	 29763	 -295	-373	96	 185.27	 -8	-1 	 47	 80	 49	(-1,-1)
2026-05-28 15:34:28	 29798	 -495	-484	96	 280.20	 0	-7 	 47	 80	 49	(-1,-1)
2026-05-28 15:34:29	 29833	 -476	-713	96	 227.46	 0	-3 	 47	 80	 49	(-1,-2)
2026-05-28 15:34:30	 29868	 -476	-753	96	 267.89	 -1	-5 	 47	 80	 49	(-1,-3)
2026-05-28 15:34:31	 29903	 -496	-907	96	 171.21	 -1	-1 	 47	 80	 49	(-1,-3)
2026-05-28 15:34:32	 29938	 -526	-851	96	 164.18	 -6	2 	 47	 80	 49	(-2,-3)
2026-05-28 15:34:33	 29973	 -719	-824	96	 164.18	 -8	1 	 47	 80	 49	(-2,-3)
2026-05-28 15:34:34	 30008	 -1002	-748	88	 172.97	 -9	1 	 47	 80	 49	(-4,-2)
2026-05-28 15:34:35	 30043	 -1290	-721	88	 195.82	 -9	-2 	 47	 80	 49	(-5,-2)
2026-05-28 15:34:36	 30078	 -1574	-759	96	 181.76	 -9	0 	 47	 80	 49	(-6,-3)
2026-05-28 15:34:37	 30113	 -1770	-897	96	 283.71	 -1	-8 	 47	 80	 49	(-7,-3)
2026-05-28 15:34:38	 30148	 -1715	-1112	96	 236.25	 -1	-8 	 47	 80	 49	(-6,-4)
2026-05-28 15:34:39	 30183	 -1854	-1350	96	 241.52	 -5	-7 	 47	 80	 49	(-7,-5)
2026-05-28 15:34:40	 30218	 -1895	-1584	96	 273.16	 0	-1 	 47	 80	 49	(-7,-6)
2026-05-28 15:34:41	 30253	 -1879	-1623	96	 264.38	 0	-6 	 47	 80	 49	(-7,-6)
2026-05-28 15:34:42	 30288	 -1854	-1864	96	 283.71	 1	-7 	 47	 80	 49	(-7,-7)
2026-05-28 15:34:43	 30323	 -1843	-2130	96	 266.13	 -1	-7 	 47	 80	 49	(-7,-8)
2026-05-28 15:34:44	 30358	 -1891	-2415	64	 238.01	 -3	-7 	 47	 80	 49	(-7,-9)
2026-05-28 15:34:45	 30393	 -1969	-2544	64	 318.87	 0	-1 	 47	 80	 49	(-7,-10)
2026-05-28 15:34:46	 30428	 -1949	-2544	64	 287.23	 2	-1 	 47	 80	 49	(-7,-10)
2026-05-28 15:34:47	 30463	 -1920	-2639	64	 253.83	 -2	-7 	 47	 80	 49	(-7,-10)
2026-05-28 15:34:48	 30498	 -1941	-2903	64	 329.41	 3	-7 	 47	 80	 49	(-7,-11)
2026-05-28 15:34:49	 30533	 -1807	-3028	64	 324.14	 1	-4 	 47	 80	 49	(-7,-12)
2026-05-28 15:34:50	 30568	 -1707	-3070	64	 11.60	 6	1 	 47	 80	 49	(-6,-12)
2026-05-28 15:34:51	 30603	 -1550	-3019	64	 34.45	 2	1 	 47	 80	 49	(-6,-12)
2026-05-28 15:34:52	 30638	 -1521	-3001	64	 34.45	 0	0 	 47	100	 49	(-6,-12)
2026-05-28 15:34:53	 30680	 -1425	-2981	64	 352.27	 0	-1 	 48	100	 49	(-5,-11)
2026-05-28 15:34:54	 30715	 -1404	-3068	64	 339.96	 4	-5 	 48	100	 49	(-5,-12)
2026-05-28 15:34:55	 30750	 -1187	-3035	64	 60.82	 5	5 	 48	100	 49	(-4,-12)
2026-05-28 15:34:56	 30785	 -1177	-2789	64	 97.73	 -3	7 	 48	100	 49	(-4,-11)
2026-05-28 15:34:57	 30820	 -1201	-2507	64	 110.04	 -1	8 	 48	100	 49	(-4,-10)
2026-05-28 15:34:58	 30855	 -1229	-2423	64	 97.73	 0	-4 	 48	100	 49	(-4,-9)
2026-05-28 15:34:59	 30890	 -1226	-2453	64	 101.25	 -1	2 	 48	100	 49	(-4,-9)
2026-05-28 15:35:00	 30925	 -1242	-2359	64	 69.61	 -1	0 	 46	 96	 48	(-4,-9)
2026-05-28 15:35:02	 30992	 -1267	-2460	64	 83.67	 -1	-2 	 46	 96	 46	(-5,-9)
2026-05-28 15:35:03	 31027	 -1271	-2480	64	 83.67	 -1	-1 	 46	 96	 45	(-5,-9)
2026-05-28 15:35:04	 31076	 -1285	-2602	64	 71.37	 -1	-1 	 44	 92	 45	(-5,-10)
2026-05-28 15:35:05	 31117	 -1243	-2481	64	 71.37	 2	7 	 44	 92	 44	(-4,-9)
2026-05-28 15:35:06	 31152	 -1205	-2409	64	 62.58	 0	0 	 44	 92	 44	(-4,-9)
2026-05-28 15:35:07	 31187	 -1193	-2419	64	 117.07	 -2	3 	 35	 74	 43	(-4,-9)
2026-05-28 15:35:08	 31222	 -1263	-2346	64	 94.22	 -2	3 	 35	 74	 42	(-5,-9)
2026-05-28 15:35:13	 31369	 -1288	-2117	64	 285.47	 0	-3 	100	 64	 40	(-5,-8)
2026-05-28 15:35:14	 31404	 -1248	-2276	64	 354.02	 0	-2 	100	 64	 48	(-4,-9)
2026-05-28 15:35:15	 31439	 -1186	-2252	64	 13.36	 5	2 	100	 64	 48	(-4,-9)
2026-05-28 15:35:16	 31474	 -1131	-2228	64	 336.45	 0	0 	100	 64	 48	(-4,-8)
2026-05-28 15:35:17	 31509	 -1075	-2259	64	 329.41	 -4	1 	100	 64	 48	(-4,-9)
2026-05-28 15:35:18	 31544	 -1277	-2139	64	 329.41	 -7	4 	100	 64	 48	(-5,-8)
2026-05-28 15:35:19	 31581	 -1225	-2111	64	 30.94	 6	1 	100	 64	 48	(-4,-8)
2026-05-28 15:35:20	 31616	 -1022	-1954	64	 57.30	 4	6 	100	 64	 48	(-4,-7)
2026-05-28 15:35:21	 31651	 -969	-1839	64	 6.33	 0	0 	100	 64	 48	(-3,-7)
2026-05-28 15:35:25	 31787	 -970	-1835	64	 350.51	 -1	-1 	 99	 62	 44	(-3,-7)
2026-05-28 15:35:28	 31906	 -978	-1835	64	 1.05	 -1	0 	 96	 56	 42	(-3,-7)
2026-05-28 15:35:29	 31953	 -919	-1834	64	 1.05	 6	0 	 96	 56	 41	(-3,-7)
2026-05-28 15:35:30	 31988	 -689	-1779	64	 45.00	 2	1 	 91	 46	 40	(-2,-7)
2026-05-28 15:35:31	 32023	 -768	-1814	64	 6.33	 -7	-3 	 91	 46	 40	(-3,-7)
2026-05-28 15:35:32	 32058	 -856	-1844	64	 25.66	 -1	-1 	 86	 36	 39	(-3,-7)
2026-05-28 15:35:33	 32093	 -752	-1793	64	 25.66	 6	3 	 86	 36	 39	(-3,-7)
2026-05-28 15:35:34	 32128	 -571	-1706	64	 25.66	 1	0 	 86	 36	 43	(-2,-6)
2026-05-28 15:35:35	 32164	 -566	-1703	64	 20.39	 -4	-2 	 86	 36	 42	(-2,-6)
2026-05-28 15:35:36	 32199	 -706	-1755	64	 20.39	 -1	-1 	 86	 36	 41	(-2,-7)
2026-05-28 15:35:38	 32242	 -703	-1754	64	 20.39	 2	0 	 86	 36	 40	(-2,-7)
2026-05-28 15:35:39	 32277	 -679	-1745	64	 20.39	 -2	-1 	 81	 26	 40	(-2,-6)
2026-05-28 15:35:40	 32325	 -694	-1748	64	 30.94	 1	0 	 81	 26	 39	(-2,-6)
2026-05-28 15:35:41	 32360	 -622	-1669	64	 22.15	 0	0 	 81	 26	 39	(-2,-6)
2026-05-28 15:35:42	 32395	 -444	-1605	48	 18.63	 7	2 	 81	 51	 39	(-1,-6)
2026-05-28 15:35:43	 32430	 -417	-1509	48	 278.44	 -4	6 	 81	 51	 39	(-1,-6)
2026-05-28 15:35:44	 32465	 -426	-1478	48	 278.44	 0	0 	 79	 47	 38	(-1,-5)
2026-05-28 15:35:45	 32500	 -400	-1646	48	 297.77	 0	-4 	 79	 47	 38	(-1,-6)
2026-05-28 15:35:46	 32535	 -562	-1636	48	 25.66	 -4	-1 	 79	 47	 42	(-2,-6)
2026-05-28 15:35:47	 32570	 -556	-1630	48	 4.57	 5	1 	 79	 47	 42	(-2,-6)
2026-05-28 15:35:48	 32605	 -449	-1633	48	 348.75	 1	-1 	 71	 31	 41	(-1,-6)
2026-05-28 15:35:49	 32640	 -354	-1706	48	 271.41	 3	-7 	 71	 31	 41	(-1,-6)
2026-05-28 15:35:50	 32675	 -280	-1904	48	 346.99	 4	-1 	 71	 31	 41	(-1,-7)
2026-05-28 15:35:51	 32710	 -42	-1901	48	 1.05	 8	0 	 71	 31	 41	(0,-7)
2026-05-28 15:35:52	 32745	 242	-1921	48	 34.45	 7	1 	 71	 31	 41	(0,-7)
2026-05-28 15:35:53	 32780	 248	-1755	48	 127.62	 -3	7 	 71	 31	 50	(0,-7)
2026-05-28 15:35:54	 32815	 66	-1728	48	 183.87	 -8	-2 	 71	 31	 50	(0,-6)
2026-05-28 15:35:55	 32850	 -213	-1766	48	 145.20	 -8	1 	 71	 31	 50	(0,-7)
2026-05-28 15:35:56	 32885	 -389	-1574	48	 92.46	 -3	7 	 71	 31	 50	(-1,-6)
2026-05-28 15:35:57	 32920	 -308	-1328	48	 18.63	 6	4 	 71	 31	 50	(-1,-5)
2026-05-28 15:35:58	 32955	 -118	-1297	48	 8.09	 7	0 	 71	 31	 50	(0,-5)
2026-05-28 15:35:59	 32990	 160	-1274	48	 331.17	 8	-2 	 71	 31	 50	(0,-5)
2026-05-28 15:36:00	 33025	 250	-1449	48	 208.12	 -5	-6 	 71	 31	 50	(1,-5)
2026-05-28 15:36:01	 33060	 47	-1449	48	 195.82	 -8	0 	 71	 31	 50	(0,-5)
2026-05-28 15:36:02	 33095	 -198	-1488	48	 213.40	 -7	-1 	 71	 31	 50	(0,-5)
2026-05-28 15:36:03	 33130	 -317	-1510	48	 336.45	 -1	-1 	 71	 31	 50	(-1,-6)
2026-05-28 15:36:04	 33165	 -432	-1518	48	 9.84	 -8	-2 	 71	 31	 50	(-1,-6)
2026-05-28 15:36:05	 33200	 -420	-1534	48	 4.57	 3	0 	 71	 31	 50	(-1,-6)
2026-05-28 15:36:06	 33235	 -383	-1533	48	 355.78	 0	0 	 71	 31	 49	(-1,-6)
2026-05-28 15:36:08	 33308	 -313	-1549	48	 346.99	 3	-1 	 71	 31	 48	(-1,-6)
2026-05-28 15:36:09	 33343	 -278	-1557	48	 355.78	 0	-1 	 71	 31	 47	(-1,-6)
2026-05-28 15:36:10	 33391	 -434	-1557	48	 36.21	 -8	-2 	 71	 31	 46	(-1,-6)
2026-05-28 15:36:11	 33426	 -543	-1712	64	 94.22	 0	0 	 71	 31	 49	(-2,-6)
2026-05-28 15:36:13	 33473	 -501	-1682	48	 27.42	 4	3 	 71	 31	 49	(-2,-6)
2026-05-28 15:36:14	 33508	 -273	-1611	48	 9.84	 7	1 	 71	 31	 50	(-1,-6)
2026-05-28 15:36:15	 33543	 -168	-1593	48	 359.30	 0	0 	 71	 41	 49	(0,-6)
2026-05-28 15:36:16	 33578	 -267	-1603	48	 357.54	 -6	-1 	 71	 41	 48	(-1,-6)
2026-05-28 15:36:17	 33613	 -392	-1612	48	 2.81	 -7	-1 	 66	 31	 47	(-1,-6)
2026-05-28 15:36:18	 33648	 -511	-1619	48	 359.30	 -1	-1 	 66	 31	 47	(-2,-6)
2026-05-28 15:36:19	 33684	 -572	-1618	48	 359.30	 -7	0 	 66	 31	 46	(-2,-6)
2026-05-28 15:36:20	 33719	 -528	-1709	64	 308.32	 4	-6 	 66	 31	 46	(-2,-6)
2026-05-28 15:36:21	 33754	 -499	-1704	48	 9.84	 7	1 	 66	 31	 46	(-1,-6)
2026-05-28 15:36:22	 33789	 -360	-1658	48	 4.57	 8	1 	 66	 31	 46	(-1,-6)
2026-05-28 15:36:23	 33824	 -238	-1642	48	 4.57	 4	0 	 66	 31	 45	(0,-6)
2026-05-28 15:36:24	 33859	 -58	-1637	72	 4.57	 5	0 	 66	 31	 44	(0,-6)
2026-05-28 15:36:25	 33894	 70	-1630	104	 4.57	 5	0 	 66	 31	 43	(0,-6)
2026-05-28 15:36:26	 33929	 210	-1619	136	 352.27	 2	-1 	 66	 31	 43	(0,-6)
2026-05-28 15:36:27	 33964	 433	-1665	144	 18.63	 7	-1 	 66	 31	 47	(1,-6)
2026-05-28 15:36:28	 33999	 502	-1773	144	 131.13	 -1	-3 	 66	 31	 47	(2,-7)
2026-05-28 15:36:29	 34034	 429	-1904	144	 157.50	 0	0 	 66	 56	 47	(1,-7)
2026-05-28 15:36:30	 34070	 370	-1904	144	 141.68	 3	-1 	 66	 56	 47	(1,-7)
2026-05-28 15:36:31	 34105	 439	-1800	144	 88.95	 0	7 	 66	 56	 47	(1,-7)
2026-05-28 15:36:32	 34140	 496	-1786	144	 148.71	 -1	-1 	 66	 56	 47	(1,-7)
2026-05-28 15:36:33	 34176	 409	-1771	144	 210.23	 -7	-1 	 66	 56	 47	(1,-7)
2026-05-28 15:36:34	 34211	 320	-1817	144	 155.74	 0	-1 	 66	 56	 47	(1,-7)
2026-05-28 15:36:35	 34254	 342	-1674	144	 88.95	 1	7 	 66	 56	 47	(1,-6)
2026-05-28 15:36:36	 34289	 393	-1423	144	 9.84	 1	2 	 66	 56	 47	(1,-5)
2026-05-28 15:36:37	 34324	 449	-1477	144	 285.47	 1	-6 	 66	 56	 50	(1,-5)
2026-05-28 15:36:38	 34359	 382	-1446	144	 332.93	 -7	3 	 66	 56	 50	(1,-5)
2026-05-28 15:36:39	 34394	 320	-1336	144	 288.98	 -1	4 	 66	 56	 50	(1,-5)
2026-05-28 15:36:40	 34429	 382	-1297	144	 227.46	 4	0 	 66	 66	 50	(1,-5)
2026-05-28 15:36:41	 34464	 434	-1331	144	 281.95	 1	-7 	 66	 66	 50	(1,-5)
2026-05-28 15:36:42	 34499	 445	-1333	144	 345.23	 7	-12 	 66	 66	 50	(1,-5)
2026-05-28 15:36:43	 34534	 445	-1334	144	 266.13	 2	-11 	 66	 66	 50	(1,-5)
2026-05-28 15:36:44	 34569	 445	-1334	144	 331.17	 5	-9 	 66	 66	 50	(1,-5)
2026-05-28 15:36:45	 34604	 422	-1297	144	 259.10	 -1	0 	 66	 66	 50	(1,-5)
2026-05-28 15:36:46	 34639	 407	-1312	144	 294.26	 1	-4 	 66	 66	 50	(1,-5)
2026-05-28 15:36:47	 34674	 470	-1549	144	 317.11	 3	-8 	 66	 66	 50	(1,-6)
2026-05-28 15:36:48	 34709	 548	-1605	144	 18.63	 1	0 	 66	 66	 50	(2,-6)
2026-05-28 15:36:49	 34744	 628	-1585	144	 2.81	 3	0 	 67	 66	 50	(2,-6)
2026-05-28 15:36:50	 34779	 679	-1579	144	 64.34	 1	2 	 67	 66	 50	(2,-6)
2026-05-28 15:36:51	 34814	 704	-1489	144	 11.60	 0	0 	 67	 67	 50	(2,-5)
2026-05-28 15:36:53	 34885	 661	-1671	144	 299.53	 1	-8 	 67	 67	 50	(2,-6)
2026-05-28 15:37:07	 35322	 1976	1128	0	 167.70	 -7	1 	 67	 69	 50	(7,4)
2026-05-28 15:37:08	 35357	 1872	1133	0	 201.09	 0	-1 	 67	 69	 50	(7,4)
2026-05-28 15:37:09	 35392	 1802	1104	0	 246.80	 -4	-1 	 67	 69	 50	(7,4)
2026-05-28 15:37:10	 35427	 1775	1018	0	 255.59	 -1	-7 	 67	 69	 50	(7,4)
2026-05-28 15:37:11	 35462	 1730	874	0	 241.52	 -4	-6 	 67	 69	 49	(6,3)
2026-05-28 15:37:12	 35497	 1691	800	0	 269.65	 -1	-1 	 67	 69	 48	(6,3)
2026-05-28 15:37:15	 35577	 1706	702	0	 255.59	 0	-8 	 67	 69	 47	(6,2)
2026-05-28 15:37:16	 35612	 1569	484	0	 194.06	 -7	-4 	 67	 69	 47	(6,1)
2026-05-28 15:37:17	 35647	 1342	402	0	 201.09	 -3	1 	 67	 69	 47	(5,1)
2026-05-28 15:37:18	 35682	 1232	354	0	 257.34	 -2	-5 	 67	 69	 47	(4,1)
2026-05-28 15:37:19	 35717	 1199	249	0	 287.23	 -1	-1 	 67	 69	 47	(4,0)
2026-05-28 15:37:22	 35837	 1190	303	0	 276.68	 -1	6 	 64	 63	 44	(4,1)
2026-05-28 15:37:23	 35872	 1212	348	0	 264.38	 0	0 	 64	 63	 43	(4,1)
2026-05-28 15:37:25	 35943	 1315	451	0	 246.80	 6	6 	 59	 53	 42	(5,1)
2026-05-28 15:37:26	 35978	 1411	495	0	 239.77	 0	-1 	 59	 53	 41	(5,1)
2026-05-28 15:37:27	 36013	 1305	387	0	 250.31	 -2	-2 	 59	 53	 41	(5,1)
2026-05-28 15:37:28	 36048	 1238	254	0	 266.13	 -3	-8 	 59	 53	 41	(4,1)
2026-05-28 15:37:29	 36083	 1197	20	0	 253.83	 -2	-8 	 59	 53	 41	(4,0)
2026-05-28 15:37:30	 36118	 1161	-119	0	 253.83	 -1	-2 	 59	 53	 41	(4,0)
2026-05-28 15:37:31	 36153	 1127	-236	0	 253.83	 -1	-1 	 59	 53	 41	(4,0)
2026-05-28 15:37:33	 36205	 1107	-230	0	 132.54	 -4	3 	 59	 53	 41	(4,0)
2026-05-28 15:37:34	 36240	 922	-57	0	 180.00	 -8	3 	 59	 53	 41	(3,0)
2026-05-28 15:37:35	 36275	 715	-85	0	 194.06	 -5	-4 	 59	 53	 41	(2,0)
2026-05-28 15:37:36	 36310	 478	-133	0	 167.70	 -5	0 	 59	 53	 41	(1,0)
2026-05-28 15:37:37	 36345	 252	-152	0	 197.58	 -8	-3 	 59	 53	 41	(1,0)
2026-05-28 15:37:38	 36380	 4	-109	72	 86.84	 -4	6 	 59	 53	 41	(0,0)
2026-05-28 15:37:39	 36415	 70	134	136	 28.83	 5	6 	 59	 53	 41	(0,0)
2026-05-28 15:37:40	 36450	 81	207	136	 334.34	 -6	1 	 59	 53	 41	(0,0)
2026-05-28 15:37:41	 36485	 -45	204	136	 269.30	 -2	-7 	 59	 53	 41	(0,0)
2026-05-28 15:37:42	 36520	 -23	144	136	 272.81	 1	-1 	 59	 53	 41	(0,0)
2026-05-28 15:37:43	 36555	 -2	-6	120	 274.57	 0	-8 	 59	 53	 41	(0,0)
2026-05-28 15:37:44	 36590	 34	-207	48	 11.25	 4	0 	 59	 53	 41	(0,0)
2026-05-28 15:37:45	 36625	 282	-162	0	 5.98	 8	1 	 59	 53	 41	(1,0)
2026-05-28 15:37:46	 36660	 562	-191	0	 307.97	 6	-5 	 59	 53	 41	(2,0)
2026-05-28 15:37:47	 36695	 738	-351	0	 302.70	 4	-7 	 59	 53	 40	(2,-1)
2026-05-28 15:37:48	 36745	 882	-439	-64	 39.38	 5	4 	 59	 53	 40	(3,-1)
2026-05-28 15:37:49	 36780	 1073	-358	-64	 13.01	 6	0 	 59	 53	 40	(4,-1)
2026-05-28 15:37:50	 36815	 1294	-337	-64	 4.22	 7	0 	 59	 53	 40	(5,-1)
2026-05-28 15:37:51	 36850	 1457	-335	-64	 44.65	 5	1 	 59	 53	 40	(5,-1)
2026-05-28 15:37:52	 36885	 1597	-269	-64	 46.41	 5	4 	 59	 53	 40	(6,-1)
2026-05-28 15:37:53	 36920	 1719	-135	-56	 100.90	 0	0 	 60	 53	 40	(6,0)
2026-05-28 15:37:55	 36979	 1732	-105	-56	 72.77	 1	4 	 60	 53	 40	(6,0)
2026-05-28 15:37:56	 37014	 1754	-26	-56	 187.03	 0	0 	 61	 53	 40	(7,0)
2026-05-28 15:37:57	 37049	 1591	-86	-56	 181.76	 -4	-2 	 63	 53	 40	(6,0)
2026-05-28 15:37:58	 37084	 1503	-78	-56	 58.71	 0	2 	 63	 53	 40	(6,0)
2026-05-28 15:37:59	 37119	 1608	109	-56	 88.59	 1	2 	 66	 63	  2	(6,0)
2026-05-28 15:38:00	 37154	 1738	-2	-56	 155.39	 2	-2 	 66	 63	  3	(6,0)
2026-05-28 15:38:01	 37189	 1592	69	-56	 151.88	 -8	3 	 66	 63	  3	(6,0)
2026-05-28 15:38:02	 37224	 1485	127	-56	 93.87	 -1	0 	 66	 73	  3	(5,0)
2026-05-28 15:38:04	 37286	 1540	105	-56	 344.88	 6	-3 	 66	 73	  3	(6,0)
2026-05-28 15:38:05	 37321	 1740	92	-56	 42.89	 0	2 	 66	 73	  3	(6,0)
2026-05-28 15:38:06	 37356	 1620	134	-56	 339.61	 -8	2 	 66	 98	  3	(6,0)
2026-05-28 15:38:07	 37391	 1669	73	-56	 329.06	 6	-5 	 66	 98	  3	(6,0)
2026-05-28 15:38:08	 37426	 1779	-66	-56	 237.66	 0	-2 	 66	 98	  3	(7,0)
2026-05-28 15:38:09	 37461	 1630	-143	-56	 158.55	 -8	-1 	 66	 98	  3	(6,0)
2026-05-28 15:38:10	 37496	 1486	19	-56	 72.42	 -1	4 	 66	 98	  3	(5,0)
2026-05-28 15:38:11	 37531	 1549	177	-56	 123.40	 0	1 	 66	 98	  3	(6,0)
2026-05-28 15:38:12	 37566	 1558	197	-56	 181.41	 0	0 	 66	 98	  3	(6,0)
2026-05-28 15:38:13	 37615	 1507	221	-56	 191.95	 -1	0 	 66	 98	  3	(6,0)
2026-05-28 15:38:15	 37671	 1496	217	-56	 204.26	 -2	-2 	 66	 98	  3	(5,0)
2026-05-28 15:38:16	 37737	 1491	205	-56	 204.26	 0	-1 	 66	 98	  3	(5,0)
2026-05-28 15:38:19	 37822	 1501	176	-56	 198.98	 0	-1 	 66	 98	  3	(6,0)
2026-05-28 15:38:21	 37889	 1488	186	-56	 193.71	 0	-1 	 66	 98	  3	(5,0)
2026-05-28 15:38:22	 37934	 1527	194	-56	 193.71	 0	0 	 66	 98	  3	(6,0)
2026-05-28 15:38:23	 37969	 1503	194	-56	 181.41	 -3	-1 	 66	 98	  3	(6,0)
2026-05-28 15:38:28	 38137	 1491	204	20	 77.70	 0	4 	 66	 98	  3	(5,0)
2026-05-28 15:38:29	 38172	 1517	239	55	 90.00	 0	0 	 66	 98	  3	(6,0)
2026-05-28 15:38:31	 38239	 1523	342	115	 77.70	 0	2 	 66	198	  3	(6,1)
2026-05-28 15:38:32	 38274	 1500	355	0	 77.70	 0	1 	 62	190	  3	(6,1)
2026-05-28 15:38:33	 38309	 1473	573	0	 156.80	 -5	5 	 57	180	  3	(5,2)
2026-05-28 15:38:34	 38344	 1465	697	0	 276.33	 1	6 	 57	180	  3	(5,2)
2026-05-28 15:38:35	 38379	 1463	915	0	 276.33	 -1	1 	 57	180	  3	(5,3)
2026-05-28 15:38:36	 38414	 1454	995	0	 276.33	 0	-2 	 57	180	  2	(5,3)
2026-05-28 15:38:37	 38449	 1454	996	0	 276.33	 -1	6 	 57	180	  2	(5,3)
2026-05-28 15:38:38	 38484	 1430	1211	0	 276.33	 0	-1 	 57	180	200	(5,4)
2026-05-28 15:38:39	 38519	 1451	1004	0	 267.54	 0	-8 	 56	178	 48	(5,4)
2026-05-28 15:38:40	 38554	 1454	910	0	 267.54	 -1	-5 	 56	178	 47	(5,3)
2026-05-28 15:38:41	 38589	 1444	659	0	 279.84	 0	-9 	 56	178	 50	(5,2)
2026-05-28 15:38:42	 38624	 1397	418	0	 179.65	 -5	-3 	 56	178	 50	(5,1)
2026-05-28 15:38:43	 38659	 1228	315	0	 279.84	 -3	-7 	 56	178	 50	(4,1)
2026-05-28 15:38:44	 38694	 1196	52	0	 204.26	 -5	-7 	 56	178	 50	(4,0)
2026-05-28 15:38:45	 38729	 955	33	0	 151.52	 -8	3 	 56	178	 50	(3,0)
2026-05-28 15:38:46	 38764	 773	-1	0	 200.74	 -5	-7 	 56	178	 50	(3,0)
2026-05-28 15:38:47	 38799	 534	-194	0	 156.80	 -8	-1 	 56	178	 50	(2,0)
2026-05-28 15:38:48	 38834	 260	-152	0	 184.92	 -9	-1 	 56	178	 50	(1,0)
2026-05-28 15:38:49	 38869	 36	-44	96	 68.91	 -2	7 	 56	178	 50	(0,0)
2026-05-28 15:38:50	 38904	 77	130	136	 74.18	 -1	0 	 56	178	 50	(0,0)
2026-05-28 15:38:51	 38955	 75	197	136	 98.79	 -1	6 	 56	178	  2	(0,0)
2026-05-28 15:38:52	 38990	 46	407	136	 97.03	 -1	0 	 56	178	  2	(0,1)
2026-05-28 15:38:53	 39025	 49	277	136	 84.73	 -1	-12 	 31	126	  1	(0,1)
2026-05-28 15:38:54	 39060	 28	-55	106	 84.73	 -1	-9 	 31	126	  1	(0,0)
2026-05-28 15:38:55	 39095	 18	-165	48	 84.73	 0	2 	 31	126	 50	(0,0)
2026-05-28 15:38:56	 39130	 30	-30	96	 84.73	 0	7 	 31	126	 50	(0,0)
2026-05-28 15:38:57	 39165	 48	180	136	 100.55	 -1	2 	 29	122	 49	(0,0)
2026-05-28 15:38:58	 39200	 54	156	136	 91.76	 0	-2 	 29	122	 49	(0,0)
2026-05-28 15:38:59	 39235	 54	212	136	 91.76	 -1	6 	 29	122	 48	(0,0)
2026-05-28 15:39:00	 39279	 46	407	136	 65.39	 -1	0 	 26	116	 48	(0,1)
2026-05-28 15:39:01	 39314	 79	427	144	 98.79	 0	-3 	 20	104	 47	(0,1)
2026-05-28 15:39:02	 39349	 86	318	136	 104.06	 -1	-2 	 10	 84	 46	(0,1)
2026-05-28 15:39:03	 39384	 80	341	136	 107.58	 -2	3 	  7	 78	 46	(0,1)
2026-05-28 15:39:04	 39419	 81	321	136	 107.58	 1	-6 	  0	 64	 45	(0,1)
2026-05-28 15:39:05	 39454	 102	257	136	 107.58	 -2	5 	  0	 64	 45	(0,1)
2026-05-28 15:39:06	 39489	 61	407	136	 42.54	 2	0 	  0	 64	 45	(0,1)
2026-05-28 15:39:07	 39524	 -11	407	136	 293.55	 -2	0 	  0	 55	 44	(0,1)
2026-05-28 15:39:09	 39567	 -68	240	136	 279.49	 -2	-8 	  0	 55	 44	(0,0)
2026-05-28 15:39:10	 39602	 -204	219	136	 356.84	 -4	0 	  0	 55	 44	(0,0)
2026-05-28 15:39:11	 39637	 -209	229	136	 9.14	 5	0 	  0	 55	 43	(0,0)
2026-05-28 15:39:12	 39672	 8	265	136	 46.05	 2	0 	  0	 55	 43	(0,1)
2026-05-28 15:39:13	 39707	 18	350	136	 100.55	 -2	6 	  0	 55	 43	(0,1)
2026-05-28 15:39:14	 39742	 95	591	144	 54.84	 5	6 	  0	 56	 43	(0,2)
2026-05-28 15:39:15	 39777	 167	824	144	 102.30	 -2	1 	  0	 50	200	(0,3)
2026-05-28 15:39:16	 39822	 150	838	144	 206.02	 -2	-1 	  0	 50	200	(0,3)
2026-05-28 15:39:17	 39857	 61	794	144	 206.02	 -2	-1 	  0	 41	198	(0,3)
2026-05-28 15:39:18	 39892	 -37	746	144	 198.98	 -7	-3 	  0	 42	199	(0,2)
2026-05-28 15:39:19	 39927	 -313	704	136	 179.65	 -9	-1 	  0	 43	199	(-1,2)
2026-05-28 15:39:20	 39962	 -608	706	128	 186.68	 -9	0 	  0	 43	199	(-2,2)
2026-05-28 15:39:21	 39997	 -720	671	128	 264.02	 -1	-4 	  0	 43	199	(-2,2)
2026-05-28 15:39:22	 40032	 -730	570	128	 283.36	 -1	-1 	  0	 43	196	(-2,2)
2026-05-28 15:39:23	 40083	 -723	545	128	 295.66	 1	-4 	  0	 43	187	(-2,2)
2026-05-28 15:39:24	 40118	 -695	489	128	 293.91	 0	-1 	  0	 43	183	(-2,1)
2026-05-28 15:39:28	 40251	 -690	466	128	 278.09	 0	-5 	  0	 43	159	(-2,1)
2026-05-28 15:39:29	 40286	 -662	366	128	 309.73	 0	-1 	  0	 43	154	(-2,1)
2026-05-28 15:39:30	 40321	 -576	267	128	 315.00	 5	-6 	  0	 43	151	(-2,1)
2026-05-28 15:39:31	 40356	 -359	91	128	 341.37	 7	-4 	  0	 43	151	(-1,0)
2026-05-28 15:39:32	 40391	 -209	-49	128	 269.30	 -1	-5 	  0	 43	151	(0,0)
2026-05-28 15:39:33	 40426	 -315	-271	128	 230.62	 -6	-7 	  0	 43	151	(-1,-1)
2026-05-28 15:39:34	 40461	 -412	-412	128	 116.37	 2	-5 	  0	 43	151	(-1,-1)
2026-05-28 15:39:35	 40496	 -403	-464	128	 74.18	 -1	0 	  0	 13	150	(-1,-1)
2026-05-28 15:39:37	 40546	 -308	-408	128	 33.75	 5	3 	  0	 13	139	(-1,-1)
2026-05-28 15:39:38	 40581	 -253	-371	128	 151.52	 0	0 	  0	 13	139	(-1,-1)
2026-05-28 15:39:39	 40616	 -386	-342	128	 146.25	 -3	0 	  0	 13	139	(-1,-1)
2026-05-28 15:39:40	 40651	 -468	-247	144	 123.40	 -2	5 	  0	 13	139	(-1,0)
2026-05-28 15:39:41	 40686	 -514	-119	176	 104.06	 -1	2 	  0	 13	139	(-2,0)
2026-05-28 15:39:42	 40721	 -517	-63	192	 47.81	 0	0 	  0	 13	139	(-2,0)
2026-05-28 15:39:43	 40756	 -505	-75	192	 14.41	 5	1 	  0	 13	139	(-2,0)
2026-05-28 15:39:44	 40791	 -465	-50	192	 19.69	 0	0 	  0	 23	139	(-1,0)
2026-05-28 15:39:45	 40826	 -465	-64	192	 335.74	 1	-1 	  0	 23	139	(-1,0)
2026-05-28 15:39:46	 40861	 -424	-28	192	 24.96	 6	3 	  0	 23	139	(-1,0)
2026-05-28 15:39:47	 40896	 -369	16	192	 277.73	 0	0 	  0	 23	149	(-1,0)
2026-05-28 15:39:48	 40946	 -469	-21	192	 200.39	 -5	-2 	  0	 23	149	(-1,0)
2026-05-28 15:39:49	 40981	 -567	-58	192	 226.76	 -1	-1 	  0	 23	149	(-2,0)
2026-05-28 15:39:50	 41016	 -650	-192	192	 228.52	 -5	-7 	  0	 23	159	(-2,0)
2026-05-28 15:39:51	 41051	 -808	-305	128	 161.72	 0	0 	  0	 23	159	(-3,-1)
2026-05-28 15:39:53	 41101	 -836	-297	128	 177.54	 -6	0 	  0	 23	159	(-3,-1)
2026-05-28 15:39:54	 41136	 -902	-293	128	 163.48	 -3	0 	  0	 23	159	(-3,-1)
2026-05-28 15:39:55	 41171	 -951	-287	128	 186.33	 -3	-1 	  0	 23	159	(-3,-1)
2026-05-28 15:39:5
