2026-05-28 12:56:41	 177	 -224	-624	0	 90.00	 0	-1 	  0	100	 50	(0,-2)
2026-05-28 12:56:42	 212	 -250	-283	-16	 133.59	 -4	11 	  0	100	 50	(-1,-1)
2026-05-28 12:56:43	 247	 -410	-175	0	 49.22	 -2	-4 	100	100	 50	(-1,0)
2026-05-28 12:56:44	 282	 -299	-140	0	 30.94	 4	2 	 99	 98	 48	(-1,0)
2026-05-28 12:56:45	 317	 -120	-12	0	 355.78	 4	2 	 99	 98	 46	(0,0)
2026-05-28 12:56:46	 352	 -24	13	0	 358.59	 1	0 	 99	 98	  3	(0,0)
2026-05-28 12:56:47	 387	 -3	13	0	 1.41	 -3	-1 	 99	 98	  2	(0,0)
2026-05-28 12:56:48	 422	 -31	-33	0	 5.62	 1	-1 	 96	 92	  1	(0,0)
2026-05-28 12:56:51	 481	 1872	1139	0	 172.97	 -1	0 	  0	100	 49	(7,4)
2026-05-28 12:56:52	 516	 1869	1147	0	 190.55	 -3	-1 	  0	100	 49	(7,4)
2026-05-28 12:56:53	 551	 1752	1042	0	 297.77	 0	-7 	  0	100	 49	(7,4)
2026-05-28 12:56:54	 586	 1765	842	0	 236.25	 -1	-2 	  0	100	 48	(7,3)
2026-05-28 12:56:55	 621	 1775	912	0	 248.55	 0	5 	  0	100	 47	(7,3)
2026-05-28 12:56:56	 656	 1775	1025	0	 252.07	 0	0 	  0	100	 44	(7,4)
2026-05-28 12:56:58	 715	 1775	1044	0	 266.13	 0	0 	  0	100	 41	(7,4)
2026-05-28 12:56:59	 780	 1775	1030	0	 267.89	 -1	-5 	  0	100	 39	(7,4)
2026-05-28 12:57:00	 815	 1733	798	0	 202.85	 -2	-4 	  0	100	 39	(6,3)
2026-05-28 12:57:01	 850	 1759	765	0	 204.61	 0	-1 	  0	100	 39	(7,3)
2026-05-28 12:57:05	 991	 1669	775	0	 172.97	 -5	0 	  0	100	 32	(6,3)
2026-05-28 12:57:06	 1026	 1498	796	0	 176.48	 -6	0 	  0	100	 31	(5,3)
2026-05-28 12:57:07	 1061	 1440	803	0	 185.27	 -1	0 	  0	100	 29	(5,3)
2026-05-28 12:57:08	 1096	 1289	790	0	 185.27	 -8	-1 	  0	100	 34	(5,3)
2026-05-28 12:57:09	 1131	 1130	775	8	 72.77	 -2	-2 	  0	100	 34	(4,3)
2026-05-28 12:57:10	 1166	 1124	732	24	 103.89	 0	-3 	  0	100	 34	(4,2)
2026-05-28 12:57:12	 1209	 1121	722	24	 348.49	 -1	-1 	  0	100	 34	(4,2)
2026-05-28 12:57:13	 1244	 1103	726	24	 329.15	 -5	2 	  0	100	 34	(4,2)
2026-05-28 12:57:14	 1279	 965	780	8	 344.97	 -1	0 	  0	100	 34	(3,3)
2026-05-28 12:57:15	 1314	 903	880	24	 274.66	 -1	1 	  0	100	 34	(3,3)
2026-05-28 12:57:16	 1349	 930	943	24	 241.26	 0	0 	  0	100	 34	(3,3)
2026-05-28 12:57:17	 1384	 860	772	8	 278.17	 -1	-8 	  0	100	 34	(3,3)
2026-05-28 12:57:18	 1419	 907	501	24	 339.70	 5	-6 	  0	100	 34	(3,2)
2026-05-28 12:57:19	 1454	 997	479	24	 69.35	 2	4 	  0	100	 34	(3,1)
2026-05-28 12:57:20	 1489	 1020	662	19	 86.92	 1	6 	  0	100	 34	(4,2)
2026-05-28 12:57:21	 1524	 1103	832	8	 348.49	 5	0 	  0	100	 34	(4,3)
2026-05-28 12:57:22	 1559	 1364	810	0	 337.94	 8	-2 	  0	100	 34	(5,3)
2026-05-28 12:57:23	 1594	 1575	642	0	 302.78	 4	-7 	  0	100	 39	(6,2)
2026-05-28 12:57:24	 1629	 1775	518	0	 57.04	 0	0 	  0	100	 39	(7,2)
2026-05-28 12:57:25	 1664	 1764	667	0	 132.63	 -3	6 	  0	100	 44	(7,2)
2026-05-28 12:57:26	 1699	 1709	738	0	 234.58	 -3	-4 	  0	100	 44	(6,2)
2026-05-28 12:57:27	 1734	 1561	535	0	 234.58	 -5	-7 	  0	100	 44	(6,2)
2026-05-28 12:57:28	 1769	 1483	427	0	 195.91	 -1	-1 	  0	100	 44	(5,1)
2026-05-28 12:57:29	 1804	 1352	464	0	 188.88	 -8	1 	  0	100	 44	(5,1)
2026-05-28 12:57:30	 1839	 1226	339	0	 257.43	 -2	-3 	  0	100	 44	(4,1)
2026-05-28 12:57:31	 1874	 1209	345	0	 269.74	 0	0 	  0	100	 42	(4,1)
2026-05-28 12:57:33	 1941	 1246	382	0	 241.61	 4	4 	  0	100	 39	(4,1)
2026-05-28 12:57:34	 1976	 1329	465	0	 246.88	 0	0 	  0	100	 38	(5,1)
2026-05-28 12:57:36	 2057	 1353	489	0	 246.88	 1	2 	  0	100	 33	(5,1)
2026-05-28 12:57:37	 2092	 1399	495	0	 238.10	 1	0 	  0	100	 31	(5,1)
2026-05-28 12:57:39	 2183	 1416	495	0	 224.03	 1	0 	  0	100	 27	(5,1)
2026-05-28 12:57:40	 2218	 1507	559	0	 224.03	 0	0 	  0	100	 25	(6,2)
2026-05-28 12:57:41	 2253	 1608	607	0	 224.03	 5	4 	  0	 67	 23	(6,2)
2026-05-28 12:57:42	 2288	 1775	762	0	 208.21	 0	0 	  0	 67	 21	(7,3)
2026-05-28 12:57:43	 2323	 1775	827	0	 234.58	 0	4 	  0	 64	 19	(7,3)
2026-05-28 12:57:44	 2358	 1775	919	0	 234.58	 0	0 	  0	 64	 17	(7,3)
2026-05-28 12:57:46	 2426	 1748	885	0	 234.58	 -4	-5 	  0	 52	 13	(6,3)
2026-05-28 12:57:47	 2461	 1663	766	0	 234.58	 -4	-6 	  0	 52	 12	(6,3)
2026-05-28 12:57:48	 2496	 1507	546	0	 234.58	 -5	-7 	  0	 52	  4	(6,2)
2026-05-28 12:57:49	 2531	 1326	426	0	 209.97	 -8	-4 	  0	 52	  4	(5,1)
2026-05-28 12:57:50	 2566	 1182	261	0	 267.98	 -1	-4 	  0	 52	  4	(4,1)
2026-05-28 12:57:51	 2601	 1168	60	0	 238.10	 -1	-3 	  0	 52	  4	(4,0)
2026-05-28 12:57:52	 2636	 1092	17	0	 194.15	 -7	-2 	  0	 52	  4	(4,0)
2026-05-28 12:57:53	 2671	 928	-40	0	 225.79	 -7	-5 	  0	 43	  4	(3,0)
2026-05-28 12:57:54	 2706	 702	-198	0	 167.78	 -8	-1 	  0	 43	  4	(2,0)
2026-05-28 12:57:55	 2741	 470	-165	0	 95.71	 -2	-2 	  0	 43	  4	(1,0)
2026-05-28 12:57:56	 2776	 359	-240	0	 14.85	 -4	0 	  0	 43	  4	(1,0)
2026-05-28 12:57:57	 2811	 376	-220	0	 4.31	 4	1 	  0	 43	  4	(1,0)
2026-05-28 12:57:58	 2846	 419	-208	0	 16.61	 0	0 	  0	 43	  3	(1,0)
2026-05-28 12:58:00	 2895	 514	-179	0	 53.53	 1	0 	  0	 43	  3	(2,0)
2026-05-28 12:58:01	 2939	 531	-174	0	 176.57	 -1	0 	  0	 43	  3	(2,0)
2026-05-28 12:58:02	 2974	 322	-139	0	 173.06	 -8	1 	  0	 43	  3	(1,0)
2026-05-28 12:58:03	 3009	 38	-108	72	 139.66	 -8	2 	  0	 43	  3	(0,0)
2026-05-28 12:58:04	 3044	 -47	27	120	 65.83	 0	1 	  0	 43	  3	(0,0)
2026-05-28 12:58:05	 3079	 55	138	136	 20.13	 2	1 	  0	 43	  3	(0,0)
2026-05-28 12:58:06	 3114	 124	172	136	 20.13	 5	2 	  0	 43	  2	(0,0)
2026-05-28 12:58:07	 3149	 160	185	136	 20.13	 -7	-3 	  0	 43	  2	(0,0)
2026-05-28 12:58:08	 3184	 6	126	136	 13.10	 4	0 	  0	 43	  2	(0,0)
2026-05-28 12:58:09	 3219	 135	157	136	 4.31	 6	0 	  0	 43	  2	(0,0)
2026-05-28 12:58:10	 3254	 425	241	136	 6.06	 9	1 	  0	 43	  2	(1,0)
2026-05-28 12:58:11	 3289	 524	261	136	 6.06	 -7	-1 	  0	 53	  2	(2,1)
2026-05-28 12:58:12	 3324	 259	219	136	 13.10	 -9	-2 	  0	 53	  2	(1,0)
2026-05-28 12:58:13	 3359	 9	269	136	 272.90	 -4	4 	  0	 53	  2	(0,1)
2026-05-28 12:58:14	 3394	 -11	117	136	 278.17	 0	-8 	  0	 53	  2	(0,0)
2026-05-28 12:58:15	 3429	 23	-184	67	 334.42	 2	-9 	  0	 53	  2	(0,0)
2026-05-28 12:58:16	 3464	 195	-171	24	 7.82	 7	2 	  0	 53	  2	(0,0)
2026-05-28 12:58:17	 3499	 468	-210	0	 348.49	 7	-4 	  0	 53	  2	(1,0)
2026-05-28 12:58:18	 3534	 663	-255	0	 313.33	 5	-4 	  0	 53	  2	(2,-1)
2026-05-28 12:58:19	 3569	 743	-321	0	 272.90	 0	-1 	  0	 53	  2	(2,-1)
2026-05-28 12:58:22	 3667	 740	-307	0	 279.93	 -1	0 	  0	 38	  0	(2,-1)
2026-05-28 12:58:23	 3702	 767	-409	-35	 258.84	 0	-4 	  0	 38	 17	(3,-1)
2026-05-28 12:58:24	 3737	 778	-449	-64	 337.94	 0	-1 	  0	 38	 17	(3,-1)
2026-05-28 12:58:25	 3772	 963	-456	-64	 6.06	 7	0 	  0	 38	 17	(3,-1)
2026-05-28 12:58:26	 3807	 1246	-427	-64	 7.82	 8	1 	  0	 38	 17	(4,-1)
2026-05-28 12:58:27	 3842	 1526	-357	-64	 42.98	 7	3 	  0	 38	 17	(6,-1)
2026-05-28 12:58:28	 3877	 1696	-151	-56	 113.29	 -1	7 	  0	 38	 17	(6,0)
2026-05-28 12:58:29	 3912	 1696	-71	-56	 146.69	 -1	0 	  2	 38	 17	(6,0)
2026-05-28 12:58:30	 3950	 1609	-24	-56	 151.96	 -7	3 	  3	 38	 17	(6,0)
2026-05-28 12:58:31	 3985	 1527	26	-56	 136.14	 -4	3 	  4	 38	 17	(6,0)
2026-05-28 12:58:32	 4020	 1488	63	-56	 67.59	 -1	0 	  4	 38	  2	(5,0)
2026-05-28 12:58:33	 4059	 1486	123	-56	 93.96	 -1	0 	  4	 38	  2	(5,0)
2026-05-28 12:58:36	 4173	 1519	131	-56	 2.55	 5	0 	  4	 48	  8	(6,0)
2026-05-28 12:58:37	 4208	 1729	137	-56	 343.21	 0	-1 	  4	 83	  8	(6,0)
2026-05-28 12:58:38	 4243	 1679	165	-56	 276.42	 0	-4 	  4	 83	  8	(6,0)
2026-05-28 12:58:39	 4278	 1712	-76	-56	 279.93	 1	-9 	  5	 83	  8	(6,0)
2026-05-28 12:58:40	 4313	 1762	-207	-56	 211.38	 0	1 	  5	 83	  8	(7,0)
2026-05-28 12:58:41	 4348	 1769	-136	-56	 151.61	 -2	1 	  5	 83	  8	(7,0)
2026-05-28 12:58:42	 4383	 1637	-60	-56	 151.61	 -2	0 	  5	 83	  8	(6,0)
2026-05-28 12:58:43	 4418	 1603	-55	-56	 181.49	 -5	-1 	  6	 83	  8	(6,0)
2026-05-28 12:58:44	 4453	 1530	-41	-56	 130.52	 -2	1 	  7	 83	  8	(6,0)
2026-05-28 12:58:45	 4488	 1522	21	-56	 26.81	 0	0 	  7	 83	  8	(6,0)
2026-05-28 12:58:46	 4523	 1580	84	-56	 90.09	 0	0 	  7	 83	  8	(6,0)
2026-05-28 12:58:47	 4558	 1574	136	-56	 135.79	 -1	1 	  7	 83	  8	(6,0)
2026-05-28 12:58:48	 4593	 1536	166	-56	 183.25	 -1	0 	  7	 83	  8	(6,0)
2026-05-28 12:58:50	 4637	 1514	187	-56	 183.25	 -1	0 	  7	 83	  8	(6,0)
2026-05-28 12:58:51	 4672	 1507	204	-56	 188.53	 -1	0 	  7	 83	  8	(6,0)
2026-05-28 12:58:54	 4776	 1488	198	-56	 193.80	 0	-2 	  7	 83	  8	(5,0)
2026-05-28 12:58:57	 4886	 1493	184	-56	 186.77	 2	0 	  7	 83	  8	(5,0)
2026-05-28 12:58:58	 4921	 1531	189	-56	 181.49	 0	0 	  7	 83	  8	(6,0)
2026-05-28 12:58:59	 4976	 1494	188	-56	 181.49	 -1	-1 	  7	 83	  8	(5,0)
2026-05-28 12:59:04	 5128	 1507	220	45	 58.45	 2	3 	  7	 83	  8	(6,0)
2026-05-28 12:59:05	 5163	 1529	239	80	 86.57	 0	0 	  7	 83	  8	(6,0)
2026-05-28 12:59:07	 5233	 1521	294	120	 98.88	 -1	0 	  7	183	  8	(6,1)
2026-05-28 12:59:08	 5268	 1539	178	120	 98.88	 -1	0 	  7	183	  8	(6,0)
2026-05-28 12:59:09	 5303	 1527	255	120	 95.36	 -1	6 	  7	183	  8	(6,1)
2026-05-28 12:59:10	 5338	 1522	517	0	 134.03	 -3	7 	  7	183	  8	(6,2)
2026-05-28 12:59:11	 5373	 1431	662	0	 216.65	 -1	0 	  7	183	  8	(5,2)
2026-05-28 12:59:12	 5408	 1426	542	0	 272.90	 0	-8 	  7	183	  8	(5,2)
2026-05-28 12:59:13	 5443	 1427	431	0	 186.77	 -3	-1 	  7	183	  8	(5,1)
2026-05-28 12:59:14	 5478	 1290	372	0	 235.99	 -6	-5 	  7	183	  8	(5,1)
2026-05-28 12:59:15	 5513	 1176	169	0	 248.29	 -1	-3 	  7	183	  8	(4,0)
2026-05-28 12:59:16	 5548	 1158	78	0	 185.01	 -4	-2 	  7	183	  8	(4,0)
2026-05-28 12:59:17	 5583	 924	91	0	 225.44	 -8	-3 	  7	183	  8	(3,0)
2026-05-28 12:59:18	 5618	 780	-72	0	 185.01	 -6	-3 	  7	183	  8	(3,0)
2026-05-28 12:59:19	 5653	 531	-79	0	 155.13	 -6	1 	  7	183	  8	(2,0)
2026-05-28 12:59:20	 5688	 445	-63	0	 199.07	 -6	-1 	  7	183	  8	(1,0)
2026-05-28 12:59:21	 5723	 207	-152	24	 151.61	 -8	0 	  7	183	  8	(0,0)
2026-05-28 12:59:22	 5758	 15	-50	96	 93.60	 -2	1 	  7	183	  8	(0,0)
2026-05-28 12:59:23	 5793	 20	41	120	 65.48	 2	6 	  7	183	  8	(0,0)
2026-05-28 12:59:24	 5828	 88	203	136	 65.48	 0	2 	  7	183	  8	(0,0)
2026-05-28 12:59:25	 5863	 98	224	136	 93.60	 0	0 	  7	183	  8	(0,0)
2026-05-28 12:59:26	 5900	 60	350	136	 100.63	 -2	7 	  7	183	  8	(0,1)
2026-05-28 12:59:28	 5969	 40	383	136	 74.27	 -1	-1 	  0	166	  7	(0,1)
2026-05-28 12:59:29	 6004	 15	292	136	 74.27	 -1	-3 	  0	151	  6	(0,1)
2026-05-28 12:59:30	 6039	 -14	189	136	 74.27	 -2	-7 	  0	151	  6	(0,0)
2026-05-28 12:59:31	 6086	 -48	144	136	 58.45	 -1	-1 	  0	145	  6	(0,0)
2026-05-28 12:59:32	 6121	 -48	144	136	 67.24	 -1	-1 	  0	145	  5	(0,0)
2026-05-28 12:59:34	 6208	 -65	202	136	 139.31	 -4	5 	  0	139	  4	(0,0)
2026-05-28 12:59:35	 6243	 -299	281	136	 181.49	 -9	0 	  0	139	  4	(-1,1)
2026-05-28 12:59:36	 6278	 -384	351	136	 116.46	 -2	2 	  0	139	  3	(-1,1)
2026-05-28 12:59:37	 6313	 -424	577	136	 95.36	 -1	8 	  0	139	  3	(-1,2)
2026-05-28 12:59:38	 6348	 -388	806	136	 46.14	 0	1 	  0	139	  3	(-1,3)
2026-05-28 12:59:39	 6383	 -475	745	136	 37.35	 -6	-5 	  0	 97	  2	(-1,2)
2026-05-28 12:59:40	 6418	 -716	593	128	 339.35	 -8	-1 	  0	 97	  2	(-2,2)
2026-05-28 12:59:41	 6453	 -752	631	128	 332.31	 0	0 	  0	 97	  2	(-3,2)
2026-05-28 12:59:45	 6573	 -745	632	128	 5.71	 3	0 	  0	 76	  0	(-2,2)
2026-05-28 12:59:46	 6608	 -597	647	128	 5.71	 0	0 	  0	 76	  4	(-2,2)
2026-05-28 12:59:47	 6643	 -752	610	128	 28.56	 0	-1 	  0	 76	  4	(-3,2)
2026-05-28 12:59:50	 6746	 -672	647	128	 26.81	 6	3 	  0	 70	  3	(-2,2)
2026-05-28 12:59:51	 6781	 -570	698	128	 39.11	 0	0 	  0	 70	  2	(-2,2)
2026-05-28 12:59:52	 6816	 -541	715	136	 30.32	 -1	-1 	  0	 58	  1	(-2,2)
2026-05-28 12:59:53	 6859	 -506	728	136	 35.60	 4	2 	  0	 58	  1	(-2,2)
2026-05-28 12:59:54	 6894	 -319	898	136	 61.96	 4	6 	  0	 58	  1	(-1,3)
2026-05-28 12:59:55	 6929	 -180	1106	136	 33.84	 1	2 	  0	 58	  1	(0,4)
2026-05-28 12:59:56	 6964	 -164	1127	136	 18.02	 0	0 	  0	 58	  0	(0,4)
2026-05-28 12:59:57	 6999	 18	1197	136	 33.84	 3	1 	  0	 58	 47	(0,4)
2026-05-28 12:59:58	 7034	 -93	1116	136	 33.84	 -7	-5 	  0	 58	 47	(0,4)
2026-05-28 12:59:59	 7069	 -335	1041	136	 297.16	 -2	-1 	  0	 58	 47	(-1,4)
2026-05-28 13:00:00	 7104	 -346	978	136	 265.52	 -1	-7 	  0	 58	 47	(-1,3)
2026-05-28 13:00:01	 7139	 -367	715	136	 265.52	 -1	-9 	  0	 58	 47	(-1,2)
2026-05-28 13:00:02	 7174	 -382	494	136	 327.04	 0	-2 	  0	 55	 47	(-1,1)
2026-05-28 13:00:03	 7209	 -381	475	136	 0.44	 0	-1 	  0	 55	 47	(-1,1)
2026-05-28 13:00:05	 7271	 -360	398	136	 114.70	 2	-7 	  0	 43	 47	(-1,1)
2026-05-28 13:00:06	 7306	 -281	248	136	 114.70	 1	-2 	  0	 43	 46	(-1,0)
2026-05-28 13:00:07	 7341	 -285	276	136	 112.94	 -3	5 	  0	 43	 45	(-1,1)
2026-05-28 13:00:08	 7376	 -391	516	136	 128.76	 -4	6 	  0	 43	 45	(-1,2)
2026-05-28 13:00:09	 7411	 -489	657	136	 148.10	 -2	2 	  0	 43	  4	(-1,2)
2026-05-28 13:00:10	 7446	 -552	657	136	 204.35	 -6	-3 	  0	 43	  4	(-2,2)
2026-05-28 13:00:11	 7481	 -655	612	128	 142.82	 -1	-1 	  0	 43	  4	(-2,2)
2026-05-28 13:00:12	 7516	 -693	717	128	 107.67	 -3	7 	  0	 43	  8	(-2,2)
2026-05-28 13:00:13	 7551	 -719	798	128	 74.27	 -1	0 	  0	 43	  8	(-2,3)
2026-05-28 13:00:14	 7599	 -637	766	128	 318.25	 6	-4 	  0	 43	  8	(-2,3)
2026-05-28 13:00:15	 7634	 -491	648	136	 3.96	 4	-2 	  0	 43	  8	(-1,2)
2026-05-28 13:00:16	 7669	 -268	642	136	 3.96	 8	0 	  0	 43	  8	(-1,2)
2026-05-28 13:00:17	 7704	 -287	644	136	 3.96	 -2	-1 	  0	 43	  8	(-1,2)
2026-05-28 13:00:18	 7739	 -147	686	144	 16.26	 7	2 	  0	 43	  8	(0,2)
2026-05-28 13:00:19	 7774	 111	773	144	 25.05	 5	2 	  0	 45	  8	(0,3)
2026-05-28 13:00:20	 7809	 206	785	144	 291.88	 0	-1 	  0	 45	  8	(0,3)
2026-05-28 13:00:21	 7844	 159	665	144	 246.18	 -4	-7 	  0	 45	  8	(0,2)
2026-05-28 13:00:22	 7879	 29	413	144	 244.42	 -5	-8 	  0	 46	 65	(0,1)
2026-05-28 13:00:23	 7914	 -20	144	136	 276.06	 0	0 	  0	 46	 65	(0,0)
2026-05-28 13:00:24	 7949	 -8	85	120	 276.06	 0	-6 	  0	 46	 65	(0,0)
2026-05-28 13:00:25	 7984	 7	-51	96	 281.34	 0	-2 	  0	 46	 65	(0,0)
2026-05-28 13:00:27	 8030	 10	-60	96	 79.54	 0	2 	  0	 46	 65	(0,0)
2026-05-28 13:00:28	 8065	 17	155	136	 116.46	 -1	3 	  0	 46	 64	(0,0)
2026-05-28 13:00:29	 8100	 28	120	136	 100.63	 0	-2 	  0	 46	 55	(0,0)
2026-05-28 13:00:30	 8135	 -8	261	136	 104.15	 -2	7 	  0	 46	 55	(0,1)
2026-05-28 13:00:31	 8170	 -74	388	136	 186.77	 -6	-1 	  0	 46	 55	(0,1)
2026-05-28 13:00:32	 8205	 -324	436	136	 153.37	 -8	3 	  0	 46	 55	(-1,1)
2026-05-28 13:00:33	 8240	 -521	607	136	 137.55	 -4	7 	  0	 46	 55	(-2,2)
2026-05-28 13:00:34	 8275	 -628	753	128	 186.77	 -1	0 	  0	 46	 55	(-2,3)
2026-05-28 13:00:35	 8310	 -634	710	128	 271.14	 0	-7 	  0	 46	 55	(-2,2)
2026-05-28 13:00:36	 8345	 -644	451	128	 267.63	 -1	-7 	  0	 46	 55	(-2,1)
2026-05-28 13:00:37	 8380	 -651	388	128	 285.21	 -1	-1 	  0	 46	 51	(-2,1)
2026-05-28 13:00:38	 8415	 -670	455	128	 285.21	 -1	0 	  0	 46	 45	(-2,1)
2026-05-28 13:00:39	 8450	 -691	532	128	 279.93	 -1	2 	  0	 46	 45	(-2,2)
2026-05-28 13:00:40	 8485	 -711	392	128	 257.08	 -2	-8 	  0	 46	 45	(-2,1)
2026-05-28 13:00:41	 8520	 -742	216	128	 269.38	 -1	-4 	  0	 46	 45	(-2,0)
2026-05-28 13:00:42	 8555	 -746	-26	128	 262.35	 -1	-7 	  0	 46	 45	(-2,0)
2026-05-28 13:00:43	 8590	 -760	-158	128	 243.02	 -1	-2 	  0	 46	 45	(-3,0)
2026-05-28 13:00:44	 8625	 -778	-357	128	 323.88	 3	-7 	  0	 46	 45	(-3,-1)
2026-05-28 13:00:45	 8660	 -736	-432	128	 67.59	 0	0 	  0	 46	 45	(-2,-1)
2026-05-28 13:00:46	 8708	 -808	-295	128	 137.90	 0	3 	  0	 46	 45	(-3,-1)
2026-05-28 13:00:47	 8743	 -745	-251	128	 190.63	 1	0 	  0	 46	 45	(-2,-1)
2026-05-28 13:00:48	 8778	 -922	-282	128	 174.81	 -8	-1 	  0	 46	 45	(-3,-1)
2026-05-28 13:00:49	 8828	 -1097	-266	128	 246.88	 1	4 	  0	 46	 41	(-4,-1)
2026-05-28 13:00:50	 8863	 -1045	-145	128	 246.88	 0	0 	  0	 46	 36	(-4,0)
2026-05-28 13:00:52	 8909	 -1043	-245	128	 224.03	 -1	-3 	  0	 46	 35	(-4,0)
2026-05-28 13:00:53	 8944	 -1017	-212	128	 252.16	 0	4 	  0	 22	 26	(-4,0)
2026-05-28 13:00:54	 8980	 -1028	-145	128	 264.46	 -1	0 	  0	 10	 17	(-4,0)
2026-05-28 13:00:55	 9015	 -1041	-167	128	 274.61	 -1	1 	  0	  0	  8	(-4,0)
2026-05-28 13:01:07	 9414	 2032	1120	0	 56.69	 -1	-2 	  0	100	 50	(8,4)
2026-05-28 13:01:08	 9449	 2012	1116	0	 248.64	 0	0 	  0	100	 50	(8,4)
2026-05-28 13:01:09	 9484	 1999	1126	0	 331.88	 -1	0 	  0	100	 50	(7,4)
2026-05-28 13:01:43	 10661	 2029	1172	0	 214.98	 1	1 	  0	100	 50	(8,4)
2026-05-28 13:01:44	 10707	 2029	1179	0	 199.16	 -4	-2 	  0	100	 50	(8,4)
2026-05-28 13:01:47	 10797	 1871	1131	0	 171.04	 -2	0 	  0	100	 50	(7,4)
2026-05-28 13:01:48	 10832	 1693	1110	0	 264.20	 -3	-1 	  0	100	 50	(6,4)
2026-05-28 13:01:49	 10867	 1669	1101	0	 265.96	 -1	-1 	  0	100	 49	(6,4)
2026-05-28 13:01:50	 10921	 1678	1234	0	 265.96	 0	1 	  0	100	 46	(6,4)
2026-05-28 13:01:56	 11107	 1679	1249	0	 269.47	 -1	-2 	  0	100	 38	(6,4)
2026-05-28 13:01:57	 11142	 1659	1031	0	 246.62	 -3	-8 	  0	100	 38	(6,4)
2026-05-28 13:01:58	 11177	 1574	774	0	 253.65	 -2	-9 	  0	100	 38	(6,3)
2026-05-28 13:01:59	 11212	 1454	513	0	 230.80	 -5	-8 	  0	100	 38	(5,2)
2026-05-28 13:02:00	 11247	 1301	390	0	 244.86	 -2	-1 	  0	100	 38	(5,1)
2026-05-28 13:02:02	 11321	 1287	378	0	 257.17	 -1	-4 	  0	100	 36	(5,1)
2026-05-28 13:02:03	 11356	 1285	398	0	 262.44	 0	6 	  0	100	 35	(5,1)
2026-05-28 13:02:04	 11391	 1380	495	0	 257.17	 0	0 	  0	100	 33	(5,1)
2026-05-28 13:02:06	 11460	 1378	481	0	 239.59	 -1	-2 	  0	100	 31	(5,1)
2026-05-28 13:02:08	 11529	 1367	464	0	 232.56	 -2	-3 	  0	100	 28	(5,1)
2026-05-28 13:02:09	 11564	 1271	316	0	 251.89	 -1	-2 	  0	100	 28	(5,1)
2026-05-28 13:02:12	 11683	 1264	305	0	 255.41	 -2	-3 	  0	 97	 21	(5,1)
2026-05-28 13:02:13	 11718	 1214	122	0	 264.20	 -1	-3 	  0	 97	 21	(4,0)
2026-05-28 13:02:14	 11753	 1198	86	0	 214.98	 -4	-4 	  0	 97	 21	(4,0)
2026-05-28 13:02:15	 11788	 993	-21	0	 179.82	 -6	-2 	  0	 97	 21	(3,0)
2026-05-28 13:02:16	 11823	 763	-87	0	 199.16	 -8	-3 	  0	 97	 21	(3,0)
2026-05-28 13:02:17	 11858	 502	-79	0	 98.96	 -5	5 	  0	 97	 21	(2,0)
2026-05-28 13:02:18	 11893	 338	-97	0	 11.07	 -8	-3 	  0	 97	 21	(1,0)
2026-05-28 13:02:19	 11928	 207	-126	24	 4.04	 -1	-1 	  0	 97	 19	(0,0)
2026-05-28 13:02:21	 11993	 232	-124	0	 5.80	 2	0 	  0	 97	 17	(0,0)
2026-05-28 13:02:22	 12028	 262	-121	0	 0.53	 0	0 	  0	 97	 15	(1,0)
2026-05-28 13:02:23	 12077	 397	-111	0	 349.98	 2	0 	  0	 97	 14	(1,0)
2026-05-28 13:02:24	 12112	 419	-111	0	 5.80	 0	0 	  0	 97	 13	(1,0)
2026-05-28 13:02:27	 12214	 561	-186	0	 274.39	 1	-2 	  0	 97	 11	(2,0)
2026-05-28 13:02:28	 12249	 605	-240	0	 297.25	 0	0 	  0	 97	 11	(2,0)
2026-05-28 13:02:31	 12331	 599	-181	0	 283.18	 -1	2 	  0	 97	 10	(2,0)
2026-05-28 13:02:32	 12366	 595	-159	0	 295.49	 -1	0 	  0	 97	  9	(2,0)
2026-05-28 13:02:33	 12401	 727	-255	0	 284.94	 1	-2 	  0	 97	  9	(2,-1)
2026-05-28 13:02:34	 12436	 746	-268	0	 272.64	 0	-1 	  0	 97	  8	(2,-1)
2026-05-28 13:02:35	 12497	 740	-214	0	 279.67	 -1	5 	  0	 85	  7	(2,0)
2026-05-28 13:02:36	 12532	 725	-124	0	 272.64	 -1	0 	  0	 85	  4	(2,0)
2026-05-28 13:02:39	 12635	 715	-103	0	 219.90	 -3	-3 	  0	 61	  0	(2,0)
2026-05-28 13:02:40	 12670	 490	-142	0	 168.93	 -9	0 	  0	 61	  0	(1,0)
2026-05-28 13:02:41	 12705	 214	-104	0	 190.02	 -9	-1 	  0	 61	  0	(0,0)
2026-05-28 13:02:42	 12740	 -37	-38	96	 86.31	 -4	6 	  0	 61	  0	(0,0)
2026-05-28 13:02:43	 12775	 79	139	136	 28.30	 0	3 	  0	 61	  0	(0,0)
2026-05-28 13:02:44	 12810	 50	148	136	 28.30	 -5	-3 	  0	 61	  0	(0,0)
2026-05-28 13:02:45	 12845	 3	84	120	 312.71	 3	-4 	  0	 61	  0	(0,0)
2026-05-28 13:02:46	 12880	 112	-92	87	 291.62	 0	-4 	  0	 61	  0	(0,0)
2026-05-28 13:02:47	 12915	 253	-205	0	 1.93	 7	-3 	  0	 61	  0	(1,0)
2026-05-28 13:02:48	 12950	 536	-219	0	 1.93	 8	0 	  0	 61	  0	(2,0)
2026-05-28 13:02:49	 12985	 826	-231	0	 349.63	 8	-2 	  0	 61	  0	(3,0)
2026-05-28 13:02:50	 13020	 1091	-339	0	 333.81	 7	-5 	  0	 61	  0	(4,-1)
2026-05-28 13:02:51	 13055	 1362	-411	-64	 23.03	 7	1 	  0	 61	  0	(5,-1)
2026-05-28 13:02:52	 13090	 1623	-294	-64	 44.12	 6	4 	  0	 61	  0	(6,-1)
2026-05-28 13:02:53	 13125	 1733	-66	-56	 130.25	 -3	6 	  1	 61	  0	(6,0)
2026-05-28 13:02:54	 13160	 1663	53	-56	 160.14	 -1	0 	  1	 61	  0	(6,0)
2026-05-28 13:02:55	 13195	 1746	69	-56	 190.02	 0	1 	  1	 61	 10	(6,0)
2026-05-28 13:02:57	 13245	 1644	135	-56	 161.89	 -7	2 	  1	 96	 10	(6,0)
2026-05-28 13:02:58	 13280	 1424	138	-56	 230.45	 -2	-2 	  1	100	 10	(5,0)
2026-05-28 13:02:59	 13315	 1430	145	-56	 342.95	 2	-1 	  1	100	 10	(5,0)
2026-05-28 13:03:00	 13350	 1599	103	-56	 267.36	 1	3 	  1	100	 10	(6,0)
2026-05-28 13:03:01	 13385	 1565	96	-56	 232.21	 -5	-6 	  1	100	 10	(6,0)
2026-05-28 13:03:02	 13420	 1471	-91	-56	 302.52	 -1	-2 	  2	100	  3	(5,0)
2026-05-28 13:03:03	 13466	 1643	-110	-56	 355.25	 7	-1 	  3	100	  3	(6,0)
2026-05-28 13:03:04	 13506	 1771	-139	-56	 98.96	 -1	-5 	  4	100	  3	(7,0)
2026-05-28 13:03:05	 13541	 1750	-242	-56	 116.54	 -2	2 	  4	100	  3	(7,0)
2026-05-28 13:03:06	 13576	 1638	-32	-56	 128.85	 -5	6 	  5	100	  3	(6,0)
2026-05-28 13:03:07	 13611	 1593	39	-56	 128.85	 -1	0 	  7	100	  3	(6,0)
2026-05-28 13:03:08	 13646	 1671	-58	-56	 128.85	 0	-2 	  7	100	  3	(6,0)
2026-05-28 13:03:09	 13681	 1764	-172	-56	 128.85	 0	-1 	  7	100	  3	(7,0)
2026-05-28 13:03:10	 13716	 1637	-12	-56	 121.82	 -5	6 	  7	100	  3	(6,0)
2026-05-28 13:03:11	 13751	 1561	100	-56	 121.82	 -2	2 	  7	100	  3	(6,0)
2026-05-28 13:03:12	 13786	 1497	200	-56	 176.31	 -1	0 	  7	100	 10	(5,0)
2026-05-28 13:03:14	 13850	 1488	201	-56	 209.71	 -1	-1 	  7	100	 10	(5,0)
2026-05-28 13:03:15	 13885	 1500	192	-56	 204.43	 3	1 	  7	100	 10	(6,0)
2026-05-28 13:03:16	 13920	 1568	232	-56	 204.43	 -2	-1 	  7	100	 10	(6,0)
2026-05-28 13:03:17	 13955	 1507	200	-56	 204.43	 -1	-1 	  7	100	 10	(6,0)
2026-05-28 13:03:18	 13993	 1488	191	-56	 197.40	 0	-1 	  7	100	 10	(5,0)
2026-05-28 13:03:22	 14146	 1492	210	11	 77.87	 1	4 	  7	100	 10	(5,0)
2026-05-28 13:03:25	 14236	 1507	249	120	 76.11	 0	3 	  7	100	 10	(6,0)
2026-05-28 13:03:26	 14271	 1523	318	120	 77.87	 0	0 	  7	200	 10	(6,1)
2026-05-28 13:03:28	 14350	 1517	319	120	 116.54	 -1	-1 	  5	196	  8	(6,1)
2026-05-28 13:03:30	 14430	 1498	303	120	 86.66	 -1	-3 	  0	183	  6	(5,1)
2026-05-28 13:03:31	 14465	 1488	190	120	 23.38	 0	-1 	  0	177	  6	(5,0)
2026-05-28 13:03:33	 14516	 1495	204	120	 88.42	 1	4 	  0	177	  6	(5,0)
2026-05-28 13:03:34	 14551	 1482	372	76	 171.04	 -1	4 	  0	177	  6	(5,1)
2026-05-28 13:03:35	 14586	 1318	444	0	 211.46	 -8	-3 	  0	177	  6	(5,1)
2026-05-28 13:03:36	 14621	 1217	347	0	 253.65	 -1	-1 	  0	177	  6	(4,1)
2026-05-28 13:03:37	 14660	 1202	309	0	 253.65	 -2	-6 	  0	177	  3	(4,1)
2026-05-28 13:03:38	 14695	 1166	99	0	 241.35	 -2	-7 	  0	171	  3	(4,0)
2026-05-28 13:03:39	 14730	 987	-24	0	 179.82	 -8	0 	  0	171	  3	(3,0)
2026-05-28 13:03:44	 14905	 769	-70	0	 193.89	 -8	-2 	  0	171	  3	(3,0)
2026-05-28 13:03:45	 14940	 651	-97	0	 181.58	 -7	-2 	  0	171	  3	(2,0)
2026-05-28 13:03:46	 14975	 383	-99	0	 190.37	 -9	-1 	  0	171	  3	(1,0)
2026-05-28 13:03:47	 15010	 98	-118	48	 132.36	 -8	2 	  0	171	  3	(0,0)
2026-05-28 13:03:48	 15045	 16	106	120	 76.11	 1	7 	  0	171	  3	(0,0)
2026-05-28 13:03:49	 15080	 37	391	136	 98.96	 -1	8 	  0	171	  3	(0,1)
2026-05-28 13:03:50	 15115	 31	310	136	 90.18	 -1	-8 	  0	171	  2	(0,1)
2026-05-28 13:03:51	 15150	 31	79	120	 90.18	 0	-1 	  0	171	  2	(0,0)
2026-05-28 13:03:52	 15185	 31	158	136	 90.18	 -1	0 	  0	171	  1	(0,0)
2026-05-28 13:03:53	 15220	 31	95	120	 90.18	 0	-3 	  0	171	  1	(0,0)
2026-05-28 13:03:54	 15255	 31	164	136	 90.18	 -1	5 	  0	171	  6	(0,0)
2026-05-28 13:03:55	 15290	 34	407	136	 67.32	 1	0 	  0	171	  6	(0,1)
2026-05-28 13:03:56	 15332	 85	370	136	 111.27	 1	-6 	  0	171	  6	(0,1)
2026-05-28 13:03:57	 15367	 100	250	136	 121.82	 -4	4 	  0	171	  6	(0,1)
2026-05-28 13:03:58	 15402	 29	489	144	 69.08	 1	7 	  0	171	  6	(0,1)
2026-05-28 13:03:59	 15437	 149	741	144	 100.72	 1	7 	  0	172	 26	(0,2)
2026-05-28 13:04:00	 15472	 127	864	144	 139.39	 0	-1 	  0	172	 26	(0,3)
2026-05-28 13:04:01	 15507	 153	837	144	 165.76	 -1	-1 	  0	172	 26	(0,3)
2026-05-28 13:04:02	 15542	 -43	792	144	 199.16	 -8	-3 	  0	173	 26	(0,3)
2026-05-28 13:04:03	 15577	 -184	697	144	 213.22	 0	-1 	  0	173	 26	(0,2)
2026-05-28 13:04:04	 15612	 -57	650	144	 116.54	 5	-5 	  0	174	 26	(0,2)
2026-05-28 13:04:05	 15647	 1	587	144	 90.18	 0	1 	  0	175	 26	(0,2)
2026-05-28 13:04:06	 15682	 63	760	144	 33.93	 -2	0 	  0	176	 26	(0,3)
2026-05-28 13:04:07	 15717	 -95	772	144	 295.49	 -2	0 	  0	176	 26	(0,3)
2026-05-28 13:04:08	 15752	 -28	591	144	 300.76	 3	-7 	  0	176	 26	(0,2)
2026-05-28 13:04:09	 15795	 58	504	144	 239.24	 3	5 	  0	176	 26	(0,2)
2026-05-28 13:04:10	 15830	 59	482	144	 256.82	 -2	-7 	  0	176	 26	(0,1)
2026-05-28 13:04:11	 15865	 6	456	144	 174.20	 -1	0 	  0	176	 26	(0,1)
2026-05-28 13:04:12	 15900	 -141	572	144	 135.53	 -6	5 	  0	176	 26	(0,2)
2026-05-28 13:04:13	 15935	 -184	670	144	 128.50	 0	0 	  0	176	 26	(0,2)
2026-05-28 13:04:14	 15970	 -155	699	144	 37.09	 4	3 	  0	176	 26	(0,2)
2026-05-28 13:04:15	 16005	 -6	883	144	 66.97	 1	2 	  0	176	 26	(0,3)
2026-05-28 13:04:16	 16040	 -37	791	144	 358.42	 3	-1 	  0	176	 26	(0,3)
2026-05-28 13:04:17	 16075	 190	787	144	 321.50	 4	-1 	  0	176	 26	(0,3)
2026-05-28 13:04:19	 16115	 256	703	144	 337.32	 4	-3 	  0	176	 26	(1,2)
2026-05-28 13:04:20	 16150	 433	541	136	 251.19	 0	-8 	  0	176	 26	(1,2)
2026-05-28 13:04:21	 16185	 360	290	136	 189.67	 -3	-4 	  0	173	 26	(1,1)
2026-05-28 13:04:22	 16220	 505	208	136	 151.00	 4	-1 	  0	173	 26	(2,0)
2026-05-28 13:04:23	 16255	 545	208	136	 151.00	 0	0 	  0	173	 18	(2,0)
2026-05-28 13:04:24	 16308	 533	320	136	 108.81	 -1	2 	  0	173	 16	(2,1)
2026-05-28 13:04:25	 16343	 529	346	136	 100.02	 -1	0 	  0	173	  9	(2,1)
2026-05-28 13:04:28	 16442	 526	370	136	 89.47	 -1	0 	  0	173	  0	(2,1)
2026-05-28 13:04:29	 16489	 527	520	136	 89.47	 0	7 	  0	173	  0	(2,2)
2026-05-28 13:04:30	 16524	 501	746	136	 108.81	 -1	1 	  0	173	  5	(2,2)
2026-05-28 13:04:31	 16559	 448	907	136	 108.81	 -3	7 	  0	173	  5	(1,3)
2026-05-28 13:04:32	 16594	 412	1014	136	 159.79	 -1	0 	  0	173	  5	(1,4)
2026-05-28 13:04:33	 16633	 370	1026	136	 168.57	 -2	0 	  0	173	  5	(1,4)
2026-05-28 13:04:35	 16682	 355	1028	136	 307.44	 0	-2 	  0	173	  5	(1,4)
2026-05-28 13:04:36	 16717	 461	836	136	 295.14	 3	-8 	  0	173	  5	(1,3)
2026-05-28 13:04:37	 16752	 513	572	136	 212.52	 -4	-7 	  0	173	  5	(2,2)
2026-05-28 13:04:38	 16787	 300	395	136	 212.52	 -7	-5 	  0	173	  5	(1,1)
2026-05-28 13:04:39	 16822	 79	281	136	 168.57	 -2	-1 	  0	173	 10	(0,1)
2026-05-28 13:04:40	 16857	 187	219	136	 152.75	 1	-1 	  0	173	  9	(0,0)
2026-05-28 13:04:41	 16905	 192	215	136	 159.79	 -4	1 	  0	173	  7	(0,0)
2026-05-28 13:04:42	 16940	 -32	298	136	 159.79	 -8	2 	  0	173	 12	(0,1)
2026-05-28 13:04:43	 16975	 -213	365	136	 131.66	 -1	0 	  0	173	 12	(0,1)
2026-05-28 13:04:44	 17010	 -286	505	136	 129.90	 -4	6 	  0	173	 12	(-1,2)
2026-05-28 13:04:45	 17045	 -390	614	136	 175.61	 -4	0 	  0	173	 12	(-1,2)
2026-05-28 13:04:46	 17080	 -544	674	136	 142.21	 -4	2 	  0	173	 12	(-2,2)
2026-05-28 13:04:47	 17115	 -610	732	128	 108.81	 -2	4 	  0	173	 12	(-2,2)
2026-05-28 13:04:48	 17150	 -672	916	128	 92.99	 -1	1 	  0	173	 12	(-2,3)
2026-05-28 13:04:50	 17209	 -677	934	128	 92.99	 0	-1 	  0	173	 12	(-2,3)
2026-05-28 13:04:51	 17244	 -669	783	128	 92.99	 0	-2 	  0	173	 12	(-2,3)
2026-05-28 13:04:52	 17282	 -668	767	128	 92.99	 0	-2 	  0	173	 12	(-2,3)
2026-05-28 13:04:53	 17317	 -664	688	128	 92.99	 0	-1 	  0	173	 12	(-2,2)
2026-05-28 13:04:56	 17411	 -662	755	128	 91.23	 0	6 	  0	173	 12	(-2,3)
2026-05-28 13:04:57	 17446	 -704	928	128	 115.84	 -1	1 	  0	173	 12	(-2,3)
2026-05-28 13:04:58	 17481	 -712	1120	128	 124.63	 1	1 	  0	173	 12	(-2,4)
2026-05-28 13:04:59	 17516	 -630	1083	128	 163.30	 0	-1 	  0	173	 12	(-2,4)
2026-05-28 13:05:00	 17560	 -596	1122	128	 52.56	 3	4 	  0	173	 12	(-2,4)
2026-05-28 13:05:01	 17595	 -400	1251	136	 333.46	 3	0 	  0	173	 12	(-1,5)
2026-05-28 13:05:02	 17630	 -407	1258	128	 356.31	 4	-1 	  0	173	 12	(-1,5)
2026-05-28 13:05:03	 17665	 -206	1313	136	 96.50	 2	1 	  0	173	 12	(0,5)
2026-05-28 13:05:04	 17700	 -180	1318	136	 108.81	 0	-1 	  0	161	 10	(0,5)
2026-05-28 13:05:05	 17738	 -178	1276	136	 154.51	 -2	-2 	  0	137	  9	(0,5)
2026-05-28 13:05:06	 17773	 -372	1232	136	 196.70	 -4	-1 	  0	137	  8	(-1,4)
2026-05-28 13:05:07	 17808	 -526	1100	128	 251.19	 -3	-8 	  0	131	  8	(-2,4)
2026-05-28 13:05:08	 17843	 -619	1040	128	 254.71	 -2	-1 	  0	131	  8	(-2,4)
2026-05-28 13:05:09	 17878	 -642	853	128	 302.17	 2	-8 	  0	131	  8	(-2,3)
2026-05-28 13:05:10	 17913	 -568	686	128	 354.90	 4	-4 	  0	131	  8	(-2,2)
2026-05-28 13:05:11	 17948	 -339	741	136	 42.36	 6	4 	  0	131	  8	(-1,2)
2026-05-28 13:05:12	 17983	 -152	970	136	 109.16	 1	7 	  0	116	  8	(0,3)
2026-05-28 13:05:13	 18018	 -140	1169	136	 40.61	 5	2 	  0	116	  8	(0,4)
2026-05-28 13:05:14	 18053	 81	1292	128	 68.73	 3	5 	  0	116	  8	(0,5)
2026-05-28 13:05:15	 18088	 116	1354	128	 342.60	 -2	0 	  0	116	  8	(0,5)
2026-05-28 13:05:16	 18123	 36	1402	128	 68.73	 2	5 	  0	116	  8	(0,5)
2026-05-28 13:05:17	 18158	 169	1626	80	 33.57	 6	6 	  0	116	  8	(0,6)
2026-05-28 13:05:18	 18193	 419	1749	32	 358.42	 4	0 	  0	116	  8	(1,6)
2026-05-28 13:05:19	 18228	 469	1758	32	 358.42	 0	0 	  0	116	  7	(1,7)
2026-05-28 13:05:20	 18263	 395	1760	32	 358.42	 -6	0 	  0	116	  6	(1,7)
2026-05-28 13:05:21	 18298	 156	1766	64	 335.57	 -4	0 	  0	116	  4	(0,7)
2026-05-28 13:05:22	 18333	 103	1721	80	 244.16	 -3	-6 	  0	116	  4	(0,6)
2026-05-28 13:05:23	 18368	 18	1506	96	 300.41	 -2	-3 	  0	104	  4	(0,6)
2026-05-28 13:05:26	 18458	 24	1504	96	 325.02	 3	-3 	  0	 89	  0	(0,6)
2026-05-28 13:05:27	 18493	 117	1367	128	 310.96	 2	-6 	  0	 89	 12	(0,5)
2026-05-28 13:05:28	 18528	 285	1256	128	 26.54	 0	0 	  0	 89	 12	(1,5)
2026-05-28 13:05:29	 18563	 439	1330	128	 21.27	 7	3 	  0	 89	 12	(1,5)
2026-05-28 13:05:30	 18598	 714	1342	128	 346.11	 8	-2 	  0	 89	 12	(2,5)
2026-05-28 13:05:31	 18633	 992	1275	128	 339.08	 5	-2 	  0	 89	 12	(3,5)
2026-05-28 13:05:32	 18668	 1144	1189	128	 323.26	 6	-5 	  0	 89	 12	(4,4)
2026-05-28 13:05:33	 18703	 1299	1036	128	 339.08	 2	-3 	  0	 89	 12	(5,4)
2026-05-28 13:05:34	 18738	 1324	1008	128	 354.90	 0	-1 	  0	 89	 12	(5,4)
2026-05-28 13:05:35	 18776	 1231	990	128	 110.92	 -2	4 	  0	 89	 12	(4,3)
2026-05-28 13:05:36	 18811	 1137	1197	128	 140.80	 -3	2 	  0	 89	 12	(4,4)
2026-05-28 13:05:37	 18846	 955	1252	128	 186.50	 -4	2 	  0	 89	 12	(3,5)
2026-05-28 13:05:38	 18881	 722	1276	128	 186.50	 -9	-1 	  0	 89	 12	(2,5)
2026-05-28 13:05:39	 18916	 439	1252	128	 177.71	 -8	-1 	  0	 89	 12	(1,5)
2026-05-28 13:05:40	 18951	 169	1314	128	 181.23	 -8	1 	  0	 89	 12	(0,5)
2026-05-28 13:05:41	 18986	 -36	1275	128	 263.85	 0	-1 	  0	 89	 12	(0,5)
2026-05-28 13:05:42	 19025	 71	1138	136	 307.79	 4	-7 	  0	 89	 12	(0,4)
2026-05-28 13:05:43	 19060	 270	932	136	 321.86	 6	-6 	  0	 89	 12	(1,3)
2026-05-28 13:05:44	 19095	 452	723	136	 272.64	 1	-8 	  0	 89	 12	(1,2)
2026-05-28 13:05:45	 19130	 482	437	136	 288.46	 1	-9 	  0	 89	 12	(1,1)
2026-05-28 13:05:46	 19165	 548	208	136	 321.86	 0	0 	  0	 99	 12	(2,0)
2026-05-28 13:05:47	 19200	 677	223	128	 7.56	 7	0 	  0	 99	 12	(2,0)
2026-05-28 13:05:48	 19235	 915	303	128	 44.47	 4	0 	  0	 99	 12	(3,1)
2026-05-28 13:05:49	 19270	 1098	420	128	 44.47	 5	5 	  0	 99	 12	(4,1)
2026-05-28 13:05:50	 19305	 1312	610	128	 0.53	 6	3 	  0	 99	 12	(5,2)
2026-05-28 13:05:51	 19340	 1380	644	136	 270.88	 0	0 	  0	 99	 12	(5,2)
2026-05-28 13:05:52	 19378	 1292	632	128	 179.47	 -8	0 	  0	 99	 12	(5,2)
2026-05-28 13:05:53	 19413	 1165	505	128	 237.48	 -2	-3 	  0	 99	 12	(4,2)
2026-05-28 13:05:54	 19448	 1150	484	128	 233.96	 -1	-1 	  0	 99	 12	(4,1)
2026-05-28 13:05:56	 19532	 1016	341	128	 211.11	 -7	-5 	  0	 99	 65	(4,1)
2026-05-28 13:05:57	 19567	 764	208	128	 186.50	 -8	-2 	  0	 99	 65	(3,0)
2026-05-28 13:05:58	 19602	 539	215	136	 170.68	 -5	0 	  0	 99	 65	(2,0)
2026-05-28 13:05:59	 19637	 404	235	136	 170.68	 -3	0 	  0	 99	 65	(1,0)
2026-05-28 13:06:00	 19672	 311	250	136	 207.60	 -1	0 	  0	 99	 65	(1,1)
2026-05-28 13:06:04	 19789	 254	230	136	 200.57	 -7	-3 	  0	 99	 12	(1,0)
2026-05-28 13:06:05	 19824	 41	139	136	 265.61	 -3	-2 	  0	 99	 12	(0,0)
2026-05-28 13:06:06	 19859	 15	22	120	 272.64	 -1	3 	  0	 99	 12	(0,0)
2026-05-28 13:06:07	 19894	 19	168	136	 175.96	 0	0 	  0	 99	 12	(0,0)
2026-05-28 13:06:08	 19929	 -145	247	136	 130.25	 -7	4 	  0	 99	 12	(0,0)
2026-05-28 13:06:09	 19964	 -262	440	136	 121.46	 -1	1 	  0	 96	 12	(-1,1)
2026-05-28 13:06:11	 20043	 -267	458	136	 153.11	 -1	0 	  0	 96	 10	(-1,1)
2026-05-28 13:06:12	 20078	 -410	611	136	 124.98	 -5	6 	  0	 96	 10	(-1,2)
2026-05-28 13:06:13	 20113	 -534	711	136	 219.90	 -3	-4 	  0	 96	 10	(-2,2)
2026-05-28 13:06:14	 20148	 -688	514	128	 269.12	 -3	-8 	  0	 96	 10	(-2,2)
2026-05-28 13:06:15	 20183	 -715	287	128	 281.43	 -1	-2 	  0	 96	 10	(-2,1)
2026-05-28 13:06:16	 20218	 -725	424	128	 281.43	 1	3 	  0	 96	 10	(-2,1)
2026-05-28 13:06:17	 20253	 -735	659	128	 281.43	 -2	5 	  0	 96	 10	(-2,2)
2026-05-28 13:06:18	 20288	 -733	652	128	 281.43	 1	-7 	  0	 96	 70	(-2,2)
2026-05-28 13:06:19	 20323	 -703	508	128	 290.21	 0	-1 	  0	 96	 69	(-2,2)
2026-05-28 13:06:21	 20394	 -701	485	128	 274.39	 0	-1 	  0	 75	 66	(-2,1)
2026-05-28 13:06:22	 20429	 -702	493	128	 262.09	 0	4 	  0	 75	 64	(-2,1)
2026-05-28 13:06:23	 20464	 -560	670	136	 214.63	 6	5 	  0	 57	 62	(-2,2)
2026-05-28 13:06:24	 20499	 -309	773	136	 188.26	 4	0 	  0	 57	 61	(-1,3)
2026-05-28 13:06:25	 20534	 -263	781	136	 195.29	 0	0 	  0	 57	 59	(-1,3)
2026-05-28 13:06:26	 20577	 -310	674	136	 297.25	 0	-8 	  0	 48	 58	(-1,2)
2026-05-28 13:06:27	 20612	 -212	418	136	 297.25	 3	-8 	  0	 48	 10	(0,1)
2026-05-28 13:06:28	 20647	 -33	207	136	 16.35	 7	-2 	  0	 48	 10	(0,0)
2026-05-28 13:06:29	 20682	 210	308	136	 30.41	 6	4 	  0	 48	 10	(0,1)
2026-05-28 13:06:30	 20717	 390	506	136	 118.30	 -1	7 	  0	 48	 10	(1,2)
2026-05-28 13:06:31	 20752	 355	762	136	 142.91	 0	2 	  0	 48	 10	(1,3)
2026-05-28 13:06:32	 20787	 531	825	136	 248.38	 3	4 	  0	 48	 10	(2,3)
2026-05-28 13:06:33	 20822	 511	782	136	 248.38	 -3	-6 	  0	 48	 10	(2,3)
2026-05-28 13:06:34	 20857	 408	531	136	 229.04	 -4	-8 	  0	 48	 10	(1,2)
2026-05-28 13:06:35	 20892	 368	457	136	 213.22	 -1	-1 	  0	 48	 10	(1,1)
2026-05-28 13:06:36	 20927	 192	361	136	 207.95	 -8	-4 	  0	 48	 10	(0,1)
2026-05-28 13:06:37	 20962	 2	297	136	 151.70	 -2	-1 	  0	 48	 10	(0,1)
2026-05-28 13:06:38	 21000	 -6	292	136	 146.43	 2	-2 	  0	 48	  9	(0,1)
2026-05-28 13:06:39	 21035	 144	173	136	 144.67	 1	-2 	  0	 36	  8	(0,0)
2026-05-28 13:06:40	 21070	 122	186	136	 139.39	 -4	2 	  0	 36	  8	(0,0)
2026-05-28 13:06:41	 21105	 24	256	136	 148.18	 -4	2 	  0	 27	  7	(0,1)
2026-05-28 13:06:42	 21140	 -8	277	136	 188.61	 -1	0 	  0	 27	  6	(0,1)
2026-05-28 13:06:43	 21176	 -147	336	136	 95.45	 -4	6 	  0	 27	  6	(0,1)
2026-05-28 13:06:44	 21211	 -244	499	136	 188.61	 -6	0 	  0	 27	  6	(0,1)
2026-05-28 13:06:45	 21246	 -421	429	136	 183.34	 -2	-1 	  0	 27	  6	(-1,1)
2026-05-28 13:06:46	 21281	 -460	492	136	 106.00	 -3	6 	  0	 27	  6	(-1,1)
2026-05-28 13:06:47	 21316	 -502	635	136	 106.00	 0	-1 	  0	 27	  6	(-2,2)
2026-05-28 13:06:48	 21351	 -456	462	136	 77.87	 3	-9 	  0	 27	  5	(-1,1)
2026-05-28 13:06:49	 21386	 -326	293	136	 77.87	 1	-2 	  0	 27	  5	(-1,1)
2026-05-28 13:06:50	 21421	 -307	276	136	 91.93	 -1	2 	  0	 27	  4	(-1,1)
2026-05-28 13:06:51	 21456	 -217	472	136	 100.72	 2	5 	  0	 27	  4	(0,1)
2026-05-28 13:06:52	 21491	 -159	443	112	 141.15	 5	-5 	  0	 22	  4	(0,1)
2026-05-28 13:06:53	 21526	 56	265	136	 141.15	 6	-6 	  0	 22	  4	(0,1)
2026-05-28 13:06:54	 21561	 154	186	136	 141.15	 0	-1 	  0	 22	  4	(0,0)
2026-05-28 13:06:55	 21599	 92	209	136	 160.49	 -7	2 	  0	 22	  4	(0,0)
2026-05-28 13:06:56	 21634	 -167	303	136	 141.15	 -8	3 	  0	 22	  4	(0,1)
2026-05-28 13:06:57	 21669	 -286	462	136	 97.21	 -1	1 	  0	 22	  4	(-1,1)
2026-05-28 13:06:58	 21704	 -374	540	136	 134.12	 -6	5 	  0	 22	  4	(-1,2)
2026-05-28 13:06:59	 21739	 -505	669	136	 199.16	 -1	0 	  0	 22	  4	(-2,2)
2026-05-28 13:07:00	 21774	 -590	633	128	 236.07	 -6	-5 	  0	 22	  4	(-2,2)
2026-05-28 13:07:01	 21809	 -669	530	128	 267.71	 -1	-1 	  0	 22	  4	(-2,2)
2026-05-28 13:07:02	 21844	 -680	547	128	 290.57	 -2	3 	  0	 10	  3	(-2,2)
2026-05-28 13:07:03	 21879	 -752	771	128	 290.57	 0	3 	  0	  1	  2	(-3,3)
2026-05-28 13:07:04	 21914	 -719	893	128	 278.26	 -1	4 	  0	  1	  2	(-2,3)
2026-05-28 13:07:05	 21949	 -720	954	128	 271.23	 -1	4 	  0	  1	  1	(-2,3)
2026-05-28 13:07:06	 21984	 -719	948	128	 276.50	 0	-7 	  0	  1	  1	(-2,3)
2026-05-28 13:07:07	 22019	 -697	724	128	 280.02	 0	-3 	  0	  1	  1	(-2,2)
2026-05-28 13:07:08	 22054	 -695	703	128	 276.50	 0	-1 	  0	  1	  0	(-2,2)
2026-05-28 13:07:10	 22101	 -678	557	128	 276.50	 0	-2 	  0	  1	 68	(-2,2)
2026-05-28 13:07:11	 22136	 -671	494	128	 276.50	 0	-7 	  0	  1	 68	(-2,1)
2026-05-28 13:07:12	 22171	 -653	378	128	 269.47	 0	-1 	  0	  1	 68	(-2,1)
2026-05-28 13:07:13	 22206	 -710	325	128	 237.83	 -5	-5 	  0	  1	 68	(-2,1)
2026-05-28 13:07:14	 22241	 -752	344	128	 339.79	 0	0 	  0	  1	 68	(-3,1)
2026-05-28 13:07:15	 22276	 -575	283	128	 339.79	 7	-3 	  0	  1	 68	(-2,1)
2026-05-28 13:07:16	 22311	 -374	177	128	 327.48	 2	-2 	  0	  1	 68	(-1,0)
2026-05-28 13:07:17	 22346	 -307	51	128	 283.54	 0	-2 	  0	  1	 68	(-1,0)
2026-05-28 13:07:18	 22381	 -300	32	128	 283.54	 0	-1 	  0	  1	 68	(-1,0)
2026-05-28 13:07:23	 22559	 -280	-84	128	 267.71	 0	-4 	  0	  1	 68	(-1,0)
2026-05-28 13:07:24	 22594	 -284	-206	128	 220.25	 1	-1 	  0	  1	 68	(-1,0)
2026-05-28 13:07:25	 22629	 -276	-216	128	 216.74	 -5	-4 	  0	  1	 68	(-1,0)
2026-05-28 13:07:26	 22664	 -329	-300	128	 162.25	 -1	-1 	  0	  1	 68	(-1,-1)
2026-05-28 13:07:27	 22699	 -446	-251	144	 114.79	 -4	2 	  0	  1	 68	(-1,-1)
2026-05-28 13:07:28	 22734	 -457	-141	176	 95.45	 0	3 	  0	  1	 68	(-1,0)
2026-05-28 13:07:29	 22769	 -480	-58	192	 137.64	 -2	3 	  0	  1	 68	(-1,0)
2026-05-28 13:07:30	 22804	 -504	-29	192	 197.40	 -4	-1 	  0	  1	 68	(-2,0)
2026-05-28 13:07:31	 22839	 -552	-43	192	 244.86	 -1	-1 	  0	  1	 68	(-2,0)
2026-05-28 13:07:32	 22874	 -637	-152	192	 239.59	 -5	-6 	  0	  1	 68	(-2,0)
2026-05-28 13:07:33	 22919	 -663	-264	192	 323.96	 -1	0 	  0	  1	 78	(-2,-1)
2026-05-28 13:07:34	 22954	 -657	-245	192	 39.55	 0	2 	  0	  1	 78	(-2,0)
2026-05-28 13:07:35	 22989	 -533	-24	192	 27.25	 3	4 	  0	  1	 78	(-2,0)
2026-05-28 13:07:36	 23024	 -487	19	192	 320.45	 0	0 	  0	  1	 78	(-1,0)
2026-05-28 13:07:37	 23059	 -448	-40	192	 323.96	 0	0 	  0	 11	 78	(-1,0)
2026-05-28 13:07:38	 23094	 -399	-37	192	 0.88	 1	0 	  0	 11	 78	(-1,0)
2026-05-28 13:07:39	 23129	 -370	10	192	 101.07	 0	6 	  0	 11	 88	(-1,0)
2026-05-28 13:07:40	 23164	 -448	207	128	 174.90	 -7	3 	  0	 11	 88	(-1,0)
2026-05-28 13:07:41	 23199	 -647	117	128	 262.79	 -3	-8 	  0	 11	 88	(-2,0)
2026-05-28 13:07:42	 23234	 -718	-93	128	 246.97	 -4	-8 	  0	 11	 88	(-2,0)
2026-05-28 13:07:43	 23269	 -785	-253	128	 188.96	 -1	-1 	  0	 11	 88	(-3,-1)
2026-05-28 13:07:44	 23304	 -737	-232	128	 197.75	 0	1 	  0	 11	 86	(-2,0)
2026-05-28 13:07:45	 23339	 -739	-217	128	 206.54	 -2	-1 	  0	 11	 84	(-2,0)
2026-05-28 13:07:46	 23374	 -884	-287	128	 199.51	 -4	-2 	  0	 11	 84	(-3,-1)
2026-05-28 13:07:47	 23409	 -923	-305	128	 162.60	 -1	-1 	  0	 11	 84	(-3,-1)
2026-05-28 13:07:49	 23465	 -777	-323	128	 180.18	 7	-1 	  0	 11	 76	(-3,-1)
2026-05-28 13:07:50	 23500	 -737	-324	128	 180.18	 0	0 	  0	 11	 67	(-2,-1)
2026-05-28 13:07:51	 23559	 -751	-306	128	 111.62	 -3	4 	  0	 11	 62	(-3,-1)
2026-05-28 13:07:52	 23594	 -726	-85	128	 58.89	 1	3 	  0	 11	 62	(-2,0)
2026-05-28 13:07:53	 23629	 -707	-44	128	 137.99	 0	0 	  0	 11	 62	(-2,0)
2026-05-28 13:07:55	 23688	 -771	-166	128	 239.94	 -4	-7 	  0	 11	 62	(-3,0)
2026-05-28 13:07:56	 23723	 -792	-242	128	 199.51	 0	-1 	  0	 11	 62	(-3,0)
2026-05-28 13:07:57	 23758	 -737	-214	128	 199.51	 0	0 	  0	 11	 58	(-2,0)
2026-05-28 13:07:58	 23793	 -693	-89	128	 215.33	 4	9 	  0	 11	 49	(-2,0)
2026-05-28 13:07:59	 23828	 -593	95	128	 234.67	 0	0 	  0	 11	 46	(-2,0)
2026-05-28 13:08:00	 23863	 -636	35	128	 236.43	 -4	-6 	  0	 11	 46	(-2,0)
2026-05-28 13:08:01	 23898	 -689	-39	128	 248.73	 1	2 	  0	 11	 42	(-2,0)
2026-05-28 13:08:02	 23933	 -602	182	128	 245.21	 3	7 	  0	 11	 34	(-2,0)
2026-05-28 13:08:04	 23997	 -560	278	128	 245.21	 -3	-5 	  0	 11	 26	(-2,1)
2026-05-28 13:08:05	 24032	 -668	46	128	 245.21	 -4	-8 	  0	 11	 26	(-2,0)
2026-05-28 13:08:06	 24067	 -791	-214	128	 218.85	 -3	-6 	  0	 11	 26	(-3,0)
2026-05-28 13:08:07	 24102	 -792	-242	128	 197.75	 0	-1 	  0	 11	 26	(-3,0)
2026-05-28 13:08:08	 24159	 -879	-270	128	 197.75	 -2	-1 	  0	 11	 26	(-3,-1)
2026-05-28 13:08:09	 24194	 -956	-292	128	 152.05	 -1	-1 	  0	 11	 26	(-3,-1)
2026-05-28 13:08:10	 24229	 -1064	-258	128	 137.99	 -5	1 	  0	 11	 26	(-4,-1)
2026-05-28 13:08:11	 24264	 -1106	-158	128	 95.80	 -1	6 	  0	 11	 26	(-4,0)
2026-05-28 13:08:12	 24299	 -1089	-196	128	 132.71	 2	-7 	  0	 11	 26	(-4,0)
2026-05-28 13:08:13	 24334	 -928	-281	128	 241.70	 3	3 	  0	 11	 26	(-3,-1)
2026-05-28 13:08:15	 24371	 -857	-241	128	 199.51	 0	0 	  0	 11	 26	(-3,0)
2026-05-28 13:08:16	 24406	 -857	-277	128	 172.60	 0	-2 	  0	  0	 23	(-3,-1)
2026-05-28 13:08:17	 24441	 -857	-292	128	 183.30	 0	-1 	  0	  0	 23	(-3,-1)
