sector_id,episode_id,map_number,sector_x,sector_y
1,1,4,-8,-10
2,1,4,-8,-9
3,1,4,-8,-8
4,1,4,-8,-7
5,1,4,-8,-6
6,1,4,-8,-5
7,1,4,-7,-12
8,1,4,-7,-11
9,1,4,-7,-10
10,1,4,-7,-9
11,1,4,-7,-8
12,1,4,-7,-7
13,1,4,-7,-6
14,1,4,-7,-5
15,1,4,-7,-4
16,1,4,-7,-3
17,1,4,-7,2
18,1,4,-7,3
19,1,4,-7,4
20,1,4,-6,-13
21,1,4,-6,-12
22,1,4,-6,-10
23,1,4,-6,-4
24,1,4,-6,-3
25,1,4,-6,1
26,1,4,-6,2
27,1,4,-6,3
28,1,4,-6,4
29,1,4,-6,5
30,1,4,-6,6
31,1,4,-6,7
32,1,4,-6,8
33,1,4,-6,9
34,1,4,-5,-13
35,1,4,-5,-12
36,1,4,-5,-11
37,1,4,-5,-10
38,1,4,-5,-9
39,1,4,-5,-8
40,1,4,-5,-3
41,1,4,-5,-2
42,1,4,-5,1
43,1,4,-5,3
44,1,4,-5,4
45,1,4,-5,5
46,1,4,-5,6
47,1,4,-5,7
48,1,4,-5,8
49,1,4,-5,9
50,1,4,-4,-12
51,1,4,-4,-11
52,1,4,-4,-10
53,1,4,-4,-9
54,1,4,-4,-8
55,1,4,-4,-7
56,1,4,-4,-3
57,1,4,-4,-2
58,1,4,-4,-1
59,1,4,-4,0
60,1,4,-4,1
61,1,4,-4,2
62,1,4,-4,3
63,1,4,-4,8
64,1,4,-3,-7
65,1,4,-3,-3
66,1,4,-3,-2
67,1,4,-3,-1
68,1,4,-3,0
69,1,4,-3,1
70,1,4,-3,2
71,1,4,-3,3
72,1,4,-3,4
73,1,4,-3,8
74,1,4,-3,9
75,1,4,-2,-7
76,1,4,-2,-6
77,1,4,-2,-3
78,1,4,-2,-2
79,1,4,-2,-1
80,1,4,-2,0
81,1,4,-2,1
82,1,4,-2,2
83,1,4,-2,3
84,1,4,-2,4
85,1,4,-2,8
86,1,4,-2,9
87,1,4,-1,-13
88,1,4,-1,-7
89,1,4,-1,-6
90,1,4,-1,-5
91,1,4,-1,-3
92,1,4,-1,-2
93,1,4,-1,-1
94,1,4,-1,0
95,1,4,-1,1
96,1,4,-1,2
97,1,4,-1,3
98,1,4,-1,4
99,1,4,-1,5
100,1,4,-1,8
101,1,4,-1,9
102,1,4,0,-13
103,1,4,0,-12
104,1,4,0,-7
105,1,4,0,-6
106,1,4,0,-5
107,1,4,0,-3
108,1,4,0,-2
109,1,4,0,-1
110,1,4,0,0
111,1,4,0,1
112,1,4,0,2
113,1,4,0,3
114,1,4,0,4
115,1,4,0,5
116,1,4,0,6
117,1,4,0,7
118,1,4,1,-13
119,1,4,1,-12
120,1,4,1,-7
121,1,4,1,-6
122,1,4,1,-5
123,1,4,1,0
124,1,4,1,1
125,1,4,1,2
126,1,4,1,3
127,1,4,1,4
128,1,4,1,5
129,1,4,1,6
130,1,4,1,7
131,1,4,2,-13
132,1,4,2,-12
133,1,4,2,-7
134,1,4,2,-6
135,1,4,2,-5
136,1,4,2,-1
137,1,4,2,0
138,1,4,2,1
139,1,4,2,2
140,1,4,2,3
141,1,4,2,5
142,1,4,3,-14
143,1,4,3,-13
144,1,4,3,-12
145,1,4,3,-11
146,1,4,3,-1
147,1,4,3,0
148,1,4,3,1
149,1,4,3,2
150,1,4,3,3
151,1,4,3,5
152,1,4,4,-14
153,1,4,4,-13
154,1,4,4,-11
155,1,4,4,-1
156,1,4,4,0
157,1,4,4,1
158,1,4,4,2
159,1,4,4,3
160,1,4,4,4
161,1,4,5,-11
162,1,4,5,-10
163,1,4,5,-1
164,1,4,5,0
165,1,4,5,1
166,1,4,5,2
167,1,4,5,3
168,1,4,5,4
169,1,4,6,-10
170,1,4,6,-9
171,1,4,6,-8
172,1,4,6,-1
173,1,4,6,0
174,1,4,6,1
175,1,4,6,2
176,1,4,6,3
177,1,4,6,4
178,1,4,7,-10
179,1,4,7,-9
180,1,4,7,-8
181,1,4,7,0
182,1,4,7,2
183,1,4,7,3
184,1,4,7,4
185,1,4,8,-10
186,1,4,8,-9
187,1,4,8,-8
188,1,4,8,4
189,1,4,9,-10
190,1,4,9,-9
191,1,4,9,-8
192,1,4,10,-17
193,1,4,10,-16
194,1,4,10,-11
195,1,4,10,-10
196,1,4,11,-19
197,1,4,11,-18
198,1,4,11,-17
199,1,4,11,-16
200,1,4,11,-15
201,1,4,11,-14
202,1,4,11,-12
203,1,4,11,-11
204,1,4,11,-10
205,1,4,12,-19
206,1,4,12,-18
207,1,4,12,-17
208,1,4,12,-16
209,1,4,12,-15
210,1,4,12,-14
211,1,4,12,-13
212,1,4,12,-12
213,1,4,12,-11
214,1,4,13,-17
215,1,4,13,-16
216,1,5,-8,-10
217,1,5,-8,-9
218,1,5,-8,-8
219,1,5,-8,-7
220,1,5,-8,-6
221,1,5,-8,-5
222,1,5,-7,-12
223,1,5,-7,-11
224,1,5,-7,-10
225,1,5,-7,-9
226,1,5,-7,-8
227,1,5,-7,-7
228,1,5,-7,-6
229,1,5,-7,-5
230,1,5,-7,-4
231,1,5,-7,-3
232,1,5,-7,2
233,1,5,-7,3
234,1,5,-7,4
235,1,5,-6,-13
236,1,5,-6,-12
237,1,5,-6,-10
238,1,5,-6,-4
239,1,5,-6,-3
240,1,5,-6,1
241,1,5,-6,2
242,1,5,-6,3
243,1,5,-6,4
244,1,5,-6,5
245,1,5,-6,6
246,1,5,-6,7
247,1,5,-6,8
248,1,5,-6,9
249,1,5,-5,-13
250,1,5,-5,-12
251,1,5,-5,-11
252,1,5,-5,-10
253,1,5,-5,-9
254,1,5,-5,-8
255,1,5,-5,-3
256,1,5,-5,-2
257,1,5,-5,1
258,1,5,-5,3
259,1,5,-5,4
260,1,5,-5,5
261,1,5,-5,6
262,1,5,-5,7
263,1,5,-5,8
264,1,5,-5,9
265,1,5,-4,-12
266,1,5,-4,-11
267,1,5,-4,-10
268,1,5,-4,-9
269,1,5,-4,-8
270,1,5,-4,-7
271,1,5,-4,-3
272,1,5,-4,-2
273,1,5,-4,-1
274,1,5,-4,0
275,1,5,-4,1
276,1,5,-4,2
277,1,5,-4,3
278,1,5,-4,8
279,1,5,-3,-7
280,1,5,-3,-3
281,1,5,-3,-2
282,1,5,-3,-1
283,1,5,-3,0
284,1,5,-3,1
285,1,5,-3,2
286,1,5,-3,3
287,1,5,-3,4
288,1,5,-3,8
289,1,5,-3,9
290,1,5,-2,-7
291,1,5,-2,-6
292,1,5,-2,-3
293,1,5,-2,-2
294,1,5,-2,-1
295,1,5,-2,0
296,1,5,-2,1
297,1,5,-2,2
298,1,5,-2,3
299,1,5,-2,4
300,1,5,-2,8
301,1,5,-2,9
302,1,5,-1,-13
303,1,5,-1,-7
304,1,5,-1,-6
305,1,5,-1,-5
306,1,5,-1,-3
307,1,5,-1,-2
308,1,5,-1,-1
309,1,5,-1,0
310,1,5,-1,1
311,1,5,-1,2
312,1,5,-1,3
313,1,5,-1,4
314,1,5,-1,5
315,1,5,-1,8
316,1,5,-1,9
317,1,5,0,-13
318,1,5,0,-12
319,1,5,0,-7
320,1,5,0,-6
321,1,5,0,-5
322,1,5,0,-3
323,1,5,0,-2
324,1,5,0,-1
325,1,5,0,0
326,1,5,0,1
327,1,5,0,2
328,1,5,0,3
329,1,5,0,4
330,1,5,0,5
331,1,5,0,6
332,1,5,0,7
333,1,5,1,-13
334,1,5,1,-12
335,1,5,1,-7
336,1,5,1,-6
337,1,5,1,-5
338,1,5,1,0
339,1,5,1,1
340,1,5,1,2
341,1,5,1,3
342,1,5,1,4
343,1,5,1,5
344,1,5,1,6
345,1,5,1,7
346,1,5,2,-13
347,1,5,2,-12
348,1,5,2,-7
349,1,5,2,-6
350,1,5,2,-5
351,1,5,2,-1
352,1,5,2,0
353,1,5,2,1
354,1,5,2,2
355,1,5,2,3
356,1,5,2,5
357,1,5,3,-14
358,1,5,3,-13
359,1,5,3,-12
360,1,5,3,-11
361,1,5,3,-1
362,1,5,3,0
363,1,5,3,1
364,1,5,3,2
365,1,5,3,3
366,1,5,3,5
367,1,5,4,-14
368,1,5,4,-13
369,1,5,4,-11
370,1,5,4,-1
371,1,5,4,0
372,1,5,4,1
373,1,5,4,2
374,1,5,4,3
375,1,5,4,4
376,1,5,5,-11
377,1,5,5,-10
378,1,5,5,-1
379,1,5,5,0
380,1,5,5,1
381,1,5,5,2
382,1,5,5,3
383,1,5,5,4
384,1,5,6,-10
385,1,5,6,-9
386,1,5,6,-8
387,1,5,6,-1
388,1,5,6,0
389,1,5,6,1
390,1,5,6,2
391,1,5,6,3
392,1,5,6,4
393,1,5,7,-10
394,1,5,7,-9
395,1,5,7,-8
396,1,5,7,0
397,1,5,7,2
398,1,5,7,3
399,1,5,7,4
400,1,5,8,-10
401,1,5,8,-9
402,1,5,8,-8
403,1,5,8,4
404,1,5,9,-10
405,1,5,9,-9
406,1,5,9,-8
407,1,5,10,-17
408,1,5,10,-16
409,1,5,10,-11
410,1,5,10,-10
411,1,5,11,-19
412,1,5,11,-18
413,1,5,11,-17
414,1,5,11,-16
415,1,5,11,-15
416,1,5,11,-14
417,1,5,11,-12
418,1,5,11,-11
419,1,5,11,-10
420,1,5,12,-19
421,1,5,12,-18
422,1,5,12,-17
423,1,5,12,-16
424,1,5,12,-15
425,1,5,12,-14
426,1,5,12,-13
427,1,5,12,-12
428,1,5,12,-11
429,1,5,13,-17
430,1,5,13,-16
431,2,4,-8,-10
432,2,4,-8,-9
433,2,4,-8,-8
434,2,4,-8,-7
435,2,4,-8,-6
436,2,4,-8,-5
437,2,4,-7,-12
438,2,4,-7,-11
439,2,4,-7,-10
440,2,4,-7,-9
441,2,4,-7,-8
442,2,4,-7,-7
443,2,4,-7,-6
444,2,4,-7,-5
445,2,4,-7,-4
446,2,4,-7,-3
447,2,4,-7,2
448,2,4,-7,3
449,2,4,-7,4
450,2,4,-6,-13
451,2,4,-6,-12
452,2,4,-6,-10
453,2,4,-6,-4
454,2,4,-6,-3
455,2,4,-6,1
456,2,4,-6,2
457,2,4,-6,3
458,2,4,-6,4
459,2,4,-6,5
460,2,4,-6,6
461,2,4,-6,7
462,2,4,-6,8
463,2,4,-6,9
464,2,4,-5,-13
465,2,4,-5,-12
466,2,4,-5,-11
467,2,4,-5,-10
468,2,4,-5,-9
469,2,4,-5,-8
470,2,4,-5,-3
471,2,4,-5,-2
472,2,4,-5,1
473,2,4,-5,3
474,2,4,-5,4
475,2,4,-5,5
476,2,4,-5,6
477,2,4,-5,7
478,2,4,-5,8
479,2,4,-5,9
480,2,4,-4,-12
481,2,4,-4,-11
482,2,4,-4,-10
483,2,4,-4,-9
484,2,4,-4,-8
485,2,4,-4,-7
486,2,4,-4,-3
487,2,4,-4,-2
488,2,4,-4,-1
489,2,4,-4,0
490,2,4,-4,1
491,2,4,-4,2
492,2,4,-4,3
493,2,4,-4,8
494,2,4,-3,-7
495,2,4,-3,-3
496,2,4,-3,-2
497,2,4,-3,-1
498,2,4,-3,0
499,2,4,-3,1
500,2,4,-3,2
501,2,4,-3,3
502,2,4,-3,4
503,2,4,-3,8
504,2,4,-3,9
505,2,4,-2,-7
506,2,4,-2,-6
507,2,4,-2,-3
508,2,4,-2,-2
509,2,4,-2,-1
510,2,4,-2,0
511,2,4,-2,1
512,2,4,-2,2
513,2,4,-2,3
514,2,4,-2,4
515,2,4,-2,8
516,2,4,-2,9
517,2,4,-1,-13
518,2,4,-1,-7
519,2,4,-1,-6
520,2,4,-1,-5
521,2,4,-1,-3
522,2,4,-1,-2
523,2,4,-1,-1
524,2,4,-1,0
525,2,4,-1,1
526,2,4,-1,2
527,2,4,-1,3
528,2,4,-1,4
529,2,4,-1,5
530,2,4,-1,8
531,2,4,-1,9
532,2,4,0,-13
533,2,4,0,-12
534,2,4,0,-7
535,2,4,0,-6
536,2,4,0,-5
537,2,4,0,-3
538,2,4,0,-2
539,2,4,0,-1
540,2,4,0,0
541,2,4,0,1
542,2,4,0,2
543,2,4,0,3
544,2,4,0,4
545,2,4,0,5
546,2,4,0,6
547,2,4,0,7
548,2,4,1,-13
549,2,4,1,-12
550,2,4,1,-7
551,2,4,1,-6
552,2,4,1,-5
553,2,4,1,0
554,2,4,1,1
555,2,4,1,2
556,2,4,1,3
557,2,4,1,4
558,2,4,1,5
559,2,4,1,6
560,2,4,1,7
561,2,4,2,-13
562,2,4,2,-12
563,2,4,2,-7
564,2,4,2,-6
565,2,4,2,-5
566,2,4,2,-1
567,2,4,2,0
568,2,4,2,1
569,2,4,2,2
570,2,4,2,3
571,2,4,2,5
572,2,4,3,-14
573,2,4,3,-13
574,2,4,3,-12
575,2,4,3,-11
576,2,4,3,-1
577,2,4,3,0
578,2,4,3,1
579,2,4,3,2
580,2,4,3,3
581,2,4,3,5
582,2,4,4,-14
583,2,4,4,-13
584,2,4,4,-11
585,2,4,4,-1
586,2,4,4,0
587,2,4,4,1
588,2,4,4,2
589,2,4,4,3
590,2,4,4,4
591,2,4,5,-11
592,2,4,5,-10
593,2,4,5,-1
594,2,4,5,0
595,2,4,5,1
596,2,4,5,2
597,2,4,5,3
598,2,4,5,4
599,2,4,6,-10
600,2,4,6,-9
601,2,4,6,-8
602,2,4,6,-1
603,2,4,6,0
604,2,4,6,1
605,2,4,6,2
606,2,4,6,3
607,2,4,6,4
608,2,4,7,-10
609,2,4,7,-9
610,2,4,7,-8
611,2,4,7,0
612,2,4,7,2
613,2,4,7,3
614,2,4,7,4
615,2,4,8,-10
616,2,4,8,-9
617,2,4,8,-8
618,2,4,8,4
619,2,4,9,-10
620,2,4,9,-9
621,2,4,9,-8
622,2,4,10,-17
623,2,4,10,-16
624,2,4,10,-11
625,2,4,10,-10
626,2,4,11,-19
627,2,4,11,-18
628,2,4,11,-17
629,2,4,11,-16
630,2,4,11,-15
631,2,4,11,-14
632,2,4,11,-12
633,2,4,11,-11
634,2,4,11,-10
635,2,4,12,-19
636,2,4,12,-18
637,2,4,12,-17
638,2,4,12,-16
639,2,4,12,-15
640,2,4,12,-14
641,2,4,12,-13
642,2,4,12,-12
643,2,4,12,-11
644,2,4,13,-17
645,2,4,13,-16
646,2,5,-8,-10
647,2,5,-8,-9
648,2,5,-8,-8
649,2,5,-8,-7
650,2,5,-8,-6
651,2,5,-8,-5
652,2,5,-7,-12
653,2,5,-7,-11
654,2,5,-7,-10
655,2,5,-7,-9
656,2,5,-7,-8
657,2,5,-7,-7
658,2,5,-7,-6
659,2,5,-7,-5
660,2,5,-7,-4
661,2,5,-7,-3
662,2,5,-7,2
663,2,5,-7,3
664,2,5,-7,4
665,2,5,-6,-13
666,2,5,-6,-12
667,2,5,-6,-10
668,2,5,-6,-4
669,2,5,-6,-3
670,2,5,-6,1
671,2,5,-6,2
672,2,5,-6,3
673,2,5,-6,4
674,2,5,-6,5
675,2,5,-6,6
676,2,5,-6,7
677,2,5,-6,8
678,2,5,-6,9
679,2,5,-5,-13
680,2,5,-5,-12
681,2,5,-5,-11
682,2,5,-5,-10
683,2,5,-5,-9
684,2,5,-5,-8
685,2,5,-5,-3
686,2,5,-5,-2
687,2,5,-5,1
688,2,5,-5,3
689,2,5,-5,4
690,2,5,-5,5
691,2,5,-5,6
692,2,5,-5,7
693,2,5,-5,8
694,2,5,-5,9
695,2,5,-4,-12
696,2,5,-4,-11
697,2,5,-4,-10
698,2,5,-4,-9
699,2,5,-4,-8
700,2,5,-4,-7
701,2,5,-4,-3
702,2,5,-4,-2
703,2,5,-4,-1
704,2,5,-4,0
705,2,5,-4,1
706,2,5,-4,2
707,2,5,-4,3
708,2,5,-4,8
709,2,5,-3,-7
710,2,5,-3,-3
711,2,5,-3,-2
712,2,5,-3,-1
713,2,5,-3,0
714,2,5,-3,1
715,2,5,-3,2
716,2,5,-3,3
717,2,5,-3,4
718,2,5,-3,8
719,2,5,-3,9
720,2,5,-2,-7
721,2,5,-2,-6
722,2,5,-2,-3
723,2,5,-2,-2
724,2,5,-2,-1
725,2,5,-2,0
726,2,5,-2,1
727,2,5,-2,2
728,2,5,-2,3
729,2,5,-2,4
730,2,5,-2,8
731,2,5,-2,9
732,2,5,-1,-13
733,2,5,-1,-7
734,2,5,-1,-6
735,2,5,-1,-5
736,2,5,-1,-3
737,2,5,-1,-2
738,2,5,-1,-1
739,2,5,-1,0
740,2,5,-1,1
741,2,5,-1,2
742,2,5,-1,3
743,2,5,-1,4
744,2,5,-1,5
745,2,5,-1,8
746,2,5,-1,9
747,2,5,0,-13
748,2,5,0,-12
749,2,5,0,-7
750,2,5,0,-6
751,2,5,0,-5
752,2,5,0,-3
753,2,5,0,-2
754,2,5,0,-1
755,2,5,0,0
756,2,5,0,1
757,2,5,0,2
758,2,5,0,3
759,2,5,0,4
760,2,5,0,5
761,2,5,0,6
762,2,5,0,7
763,2,5,1,-13
764,2,5,1,-12
765,2,5,1,-7
766,2,5,1,-6
767,2,5,1,-5
768,2,5,1,0
769,2,5,1,1
770,2,5,1,2
771,2,5,1,3
772,2,5,1,4
773,2,5,1,5
774,2,5,1,6
775,2,5,1,7
776,2,5,2,-13
777,2,5,2,-12
778,2,5,2,-7
779,2,5,2,-6
780,2,5,2,-5
781,2,5,2,-1
782,2,5,2,0
783,2,5,2,1
784,2,5,2,2
785,2,5,2,3
786,2,5,2,5
787,2,5,3,-14
788,2,5,3,-13
789,2,5,3,-12
790,2,5,3,-11
791,2,5,3,-1
792,2,5,3,0
793,2,5,3,1
794,2,5,3,2
795,2,5,3,3
796,2,5,3,5
797,2,5,4,-14
798,2,5,4,-13
799,2,5,4,-11
800,2,5,4,-1
801,2,5,4,0
802,2,5,4,1
803,2,5,4,2
804,2,5,4,3
805,2,5,4,4
806,2,5,5,-11
807,2,5,5,-10
808,2,5,5,-1
809,2,5,5,0
810,2,5,5,1
811,2,5,5,2
812,2,5,5,3
813,2,5,5,4
814,2,5,6,-10
815,2,5,6,-9
816,2,5,6,-8
817,2,5,6,-1
818,2,5,6,0
819,2,5,6,1
820,2,5,6,2
821,2,5,6,3
822,2,5,6,4
823,2,5,7,-10
824,2,5,7,-9
825,2,5,7,-8
826,2,5,7,0
827,2,5,7,2
828,2,5,7,3
829,2,5,7,4
830,2,5,8,-10
831,2,5,8,-9
832,2,5,8,-8
833,2,5,8,4
834,2,5,9,-10
835,2,5,9,-9
836,2,5,9,-8
837,2,5,10,-17
838,2,5,10,-16
839,2,5,10,-11
840,2,5,10,-10
841,2,5,11,-19
842,2,5,11,-18
843,2,5,11,-17
844,2,5,11,-16
845,2,5,11,-15
846,2,5,11,-14
847,2,5,11,-12
848,2,5,11,-11
849,2,5,11,-10
850,2,5,12,-19
851,2,5,12,-18
852,2,5,12,-17
853,2,5,12,-16
854,2,5,12,-15
855,2,5,12,-14
856,2,5,12,-13
857,2,5,12,-12
858,2,5,12,-11
859,2,5,13,-17
860,2,5,13,-16
861,3,4,-8,-10
862,3,4,-8,-9
863,3,4,-8,-8
864,3,4,-8,-7
865,3,4,-8,-6
866,3,4,-8,-5
867,3,4,-7,-12
868,3,4,-7,-11
869,3,4,-7,-10
870,3,4,-7,-9
871,3,4,-7,-8
872,3,4,-7,-7
873,3,4,-7,-6
874,3,4,-7,-5
875,3,4,-7,-4
876,3,4,-7,-3
877,3,4,-7,2
878,3,4,-7,3
879,3,4,-7,4
880,3,4,-6,-13
881,3,4,-6,-12
882,3,4,-6,-10
883,3,4,-6,-4
884,3,4,-6,-3
885,3,4,-6,1
886,3,4,-6,2
887,3,4,-6,3
888,3,4,-6,4
889,3,4,-6,5
890,3,4,-6,6
891,3,4,-6,7
892,3,4,-6,8
893,3,4,-6,9
894,3,4,-5,-13
895,3,4,-5,-12
896,3,4,-5,-11
897,3,4,-5,-10
898,3,4,-5,-9
899,3,4,-5,-8
900,3,4,-5,-3
901,3,4,-5,-2
902,3,4,-5,1
903,3,4,-5,3
904,3,4,-5,4
905,3,4,-5,5
906,3,4,-5,6
907,3,4,-5,7
908,3,4,-5,8
909,3,4,-5,9
910,3,4,-4,-12
911,3,4,-4,-11
912,3,4,-4,-10
913,3,4,-4,-9
914,3,4,-4,-8
915,3,4,-4,-7
916,3,4,-4,-3
917,3,4,-4,-2
918,3,4,-4,-1
919,3,4,-4,0
920,3,4,-4,1
921,3,4,-4,2
922,3,4,-4,3
923,3,4,-4,8
924,3,4,-3,-7
925,3,4,-3,-3
926,3,4,-3,-2
927,3,4,-3,-1
928,3,4,-3,0
929,3,4,-3,1
930,3,4,-3,2
931,3,4,-3,3
932,3,4,-3,4
933,3,4,-3,8
934,3,4,-3,9
935,3,4,-2,-7
936,3,4,-2,-6
937,3,4,-2,-3
938,3,4,-2,-2
939,3,4,-2,-1
940,3,4,-2,0
941,3,4,-2,1
942,3,4,-2,2
943,3,4,-2,3
944,3,4,-2,4
945,3,4,-2,8
946,3,4,-2,9
947,3,4,-1,-13
948,3,4,-1,-7
949,3,4,-1,-6
950,3,4,-1,-5
951,3,4,-1,-3
952,3,4,-1,-2
953,3,4,-1,-1
954,3,4,-1,0
955,3,4,-1,1
956,3,4,-1,2
957,3,4,-1,3
958,3,4,-1,4
959,3,4,-1,5
960,3,4,-1,8
961,3,4,-1,9
962,3,4,0,-13
963,3,4,0,-12
964,3,4,0,-7
965,3,4,0,-6
966,3,4,0,-5
967,3,4,0,-3
968,3,4,0,-2
969,3,4,0,-1
970,3,4,0,0
971,3,4,0,1
972,3,4,0,2
973,3,4,0,3
974,3,4,0,4
975,3,4,0,5
976,3,4,0,6
977,3,4,0,7
978,3,4,1,-13
979,3,4,1,-12
980,3,4,1,-7
981,3,4,1,-6
982,3,4,1,-5
983,3,4,1,0
984,3,4,1,1
985,3,4,1,2
986,3,4,1,3
987,3,4,1,4
988,3,4,1,5
989,3,4,1,6
990,3,4,1,7
991,3,4,2,-13
992,3,4,2,-12
993,3,4,2,-7
994,3,4,2,-6
995,3,4,2,-5
996,3,4,2,-1
997,3,4,2,0
998,3,4,2,1
999,3,4,2,2
1000,3,4,2,3
1001,3,4,2,5
1002,3,4,3,-14
1003,3,4,3,-13
1004,3,4,3,-12
1005,3,4,3,-11
1006,3,4,3,-1
1007,3,4,3,0
1008,3,4,3,1
1009,3,4,3,2
1010,3,4,3,3
1011,3,4,3,5
1012,3,4,4,-14
1013,3,4,4,-13
1014,3,4,4,-11
1015,3,4,4,-1
1016,3,4,4,0
1017,3,4,4,1
1018,3,4,4,2
1019,3,4,4,3
1020,3,4,4,4
1021,3,4,5,-11
1022,3,4,5,-10
1023,3,4,5,-1
1024,3,4,5,0
1025,3,4,5,1
1026,3,4,5,2
1027,3,4,5,3
1028,3,4,5,4
1029,3,4,6,-10
1030,3,4,6,-9
1031,3,4,6,-8
1032,3,4,6,-1
1033,3,4,6,0
1034,3,4,6,1
1035,3,4,6,2
1036,3,4,6,3
1037,3,4,6,4
1038,3,4,7,-10
1039,3,4,7,-9
1040,3,4,7,-8
1041,3,4,7,0
1042,3,4,7,2
1043,3,4,7,3
1044,3,4,7,4
1045,3,4,8,-10
1046,3,4,8,-9
1047,3,4,8,-8
1048,3,4,8,4
1049,3,4,9,-10
1050,3,4,9,-9
1051,3,4,9,-8
1052,3,4,10,-17
1053,3,4,10,-16
1054,3,4,10,-11
1055,3,4,10,-10
1056,3,4,11,-19
1057,3,4,11,-18
1058,3,4,11,-17
1059,3,4,11,-16
1060,3,4,11,-15
1061,3,4,11,-14
1062,3,4,11,-12
1063,3,4,11,-11
1064,3,4,11,-10
1065,3,4,12,-19
1066,3,4,12,-18
1067,3,4,12,-17
1068,3,4,12,-16
1069,3,4,12,-15
1070,3,4,12,-14
1071,3,4,12,-13
1072,3,4,12,-12
1073,3,4,12,-11
1074,3,4,13,-17
1075,3,4,13,-16
1076,3,5,-8,-10
1077,3,5,-8,-9
1078,3,5,-8,-8
1079,3,5,-8,-7
1080,3,5,-8,-6
1081,3,5,-8,-5
1082,3,5,-7,-12
1083,3,5,-7,-11
1084,3,5,-7,-10
1085,3,5,-7,-9
1086,3,5,-7,-8
1087,3,5,-7,-7
1088,3,5,-7,-6
1089,3,5,-7,-5
1090,3,5,-7,-4
1091,3,5,-7,-3
1092,3,5,-7,2
1093,3,5,-7,3
1094,3,5,-7,4
1095,3,5,-6,-13
1096,3,5,-6,-12
1097,3,5,-6,-10
1098,3,5,-6,-4
1099,3,5,-6,-3
1100,3,5,-6,1
1101,3,5,-6,2
1102,3,5,-6,3
1103,3,5,-6,4
1104,3,5,-6,5
1105,3,5,-6,6
1106,3,5,-6,7
1107,3,5,-6,8
1108,3,5,-6,9
1109,3,5,-5,-13
1110,3,5,-5,-12
1111,3,5,-5,-11
1112,3,5,-5,-10
1113,3,5,-5,-9
1114,3,5,-5,-8
1115,3,5,-5,-3
1116,3,5,-5,-2
1117,3,5,-5,1
1118,3,5,-5,3
1119,3,5,-5,4
1120,3,5,-5,5
1121,3,5,-5,6
1122,3,5,-5,7
1123,3,5,-5,8
1124,3,5,-5,9
1125,3,5,-4,-12
1126,3,5,-4,-11
1127,3,5,-4,-10
1128,3,5,-4,-9
1129,3,5,-4,-8
1130,3,5,-4,-7
1131,3,5,-4,-3
1132,3,5,-4,-2
1133,3,5,-4,-1
1134,3,5,-4,0
1135,3,5,-4,1
1136,3,5,-4,2
1137,3,5,-4,3
1138,3,5,-4,8
1139,3,5,-3,-7
1140,3,5,-3,-3
1141,3,5,-3,-2
1142,3,5,-3,-1
1143,3,5,-3,0
1144,3,5,-3,1
1145,3,5,-3,2
1146,3,5,-3,3
1147,3,5,-3,4
1148,3,5,-3,8
1149,3,5,-3,9
1150,3,5,-2,-7
1151,3,5,-2,-6
1152,3,5,-2,-3
1153,3,5,-2,-2
1154,3,5,-2,-1
1155,3,5,-2,0
1156,3,5,-2,1
1157,3,5,-2,2
1158,3,5,-2,3
1159,3,5,-2,4
1160,3,5,-2,8
1161,3,5,-2,9
1162,3,5,-1,-13
1163,3,5,-1,-7
1164,3,5,-1,-6
1165,3,5,-1,-5
1166,3,5,-1,-3
1167,3,5,-1,-2
1168,3,5,-1,-1
1169,3,5,-1,0
1170,3,5,-1,1
1171,3,5,-1,2
1172,3,5,-1,3
1173,3,5,-1,4
1174,3,5,-1,5
1175,3,5,-1,8
1176,3,5,-1,9
1177,3,5,0,-13
1178,3,5,0,-12
1179,3,5,0,-7
1180,3,5,0,-6
1181,3,5,0,-5
1182,3,5,0,-3
1183,3,5,0,-2
1184,3,5,0,-1
1185,3,5,0,0
1186,3,5,0,1
1187,3,5,0,2
1188,3,5,0,3
1189,3,5,0,4
1190,3,5,0,5
1191,3,5,0,6
1192,3,5,0,7
1193,3,5,1,-13
1194,3,5,1,-12
1195,3,5,1,-7
1196,3,5,1,-6
1197,3,5,1,-5
1198,3,5,1,0
1199,3,5,1,1
1200,3,5,1,2
1201,3,5,1,3
1202,3,5,1,4
1203,3,5,1,5
1204,3,5,1,6
1205,3,5,1,7
1206,3,5,2,-13
1207,3,5,2,-12
1208,3,5,2,-7
1209,3,5,2,-6
1210,3,5,2,-5
1211,3,5,2,-1
1212,3,5,2,0
1213,3,5,2,1
1214,3,5,2,2
1215,3,5,2,3
1216,3,5,2,5
1217,3,5,3,-14
1218,3,5,3,-13
1219,3,5,3,-12
1220,3,5,3,-11
1221,3,5,3,-1
1222,3,5,3,0
1223,3,5,3,1
1224,3,5,3,2
1225,3,5,3,3
1226,3,5,3,5
1227,3,5,4,-14
1228,3,5,4,-13
1229,3,5,4,-11
1230,3,5,4,-1
1231,3,5,4,0
1232,3,5,4,1
1233,3,5,4,2
1234,3,5,4,3
1235,3,5,4,4
1236,3,5,5,-11
1237,3,5,5,-10
1238,3,5,5,-1
1239,3,5,5,0
1240,3,5,5,1
1241,3,5,5,2
1242,3,5,5,3
1243,3,5,5,4
1244,3,5,6,-10
1245,3,5,6,-9
1246,3,5,6,-8
1247,3,5,6,-1
1248,3,5,6,0
1249,3,5,6,1
1250,3,5,6,2
1251,3,5,6,3
1252,3,5,6,4
1253,3,5,7,-10
1254,3,5,7,-9
1255,3,5,7,-8
1256,3,5,7,0
1257,3,5,7,2
1258,3,5,7,3
1259,3,5,7,4
1260,3,5,8,-10
1261,3,5,8,-9
1262,3,5,8,-8
1263,3,5,8,4
1264,3,5,9,-10
1265,3,5,9,-9
1266,3,5,9,-8
1267,3,5,10,-17
1268,3,5,10,-16
1269,3,5,10,-11
1270,3,5,10,-10
1271,3,5,11,-19
1272,3,5,11,-18
1273,3,5,11,-17
1274,3,5,11,-16
1275,3,5,11,-15
1276,3,5,11,-14
1277,3,5,11,-12
1278,3,5,11,-11
1279,3,5,11,-10
1280,3,5,12,-19
1281,3,5,12,-18
1282,3,5,12,-17
1283,3,5,12,-16
1284,3,5,12,-15
1285,3,5,12,-14
1286,3,5,12,-13
1287,3,5,12,-12
1288,3,5,12,-11
1289,3,5,13,-17
1290,3,5,13,-16
1291,4,4,-8,-10
1292,4,4,-8,-9
1293,4,4,-8,-8
1294,4,4,-8,-7
1295,4,4,-8,-6
1296,4,4,-8,-5
1297,4,4,-7,-12
1298,4,4,-7,-11
1299,4,4,-7,-10
1300,4,4,-7,-9
1301,4,4,-7,-8
1302,4,4,-7,-7
1303,4,4,-7,-6
1304,4,4,-7,-5
1305,4,4,-7,-4
1306,4,4,-7,-3
1307,4,4,-7,2
1308,4,4,-7,3
1309,4,4,-7,4
1310,4,4,-6,-13
1311,4,4,-6,-12
1312,4,4,-6,-10
1313,4,4,-6,-4
1314,4,4,-6,-3
1315,4,4,-6,1
1316,4,4,-6,2
1317,4,4,-6,3
1318,4,4,-6,4
1319,4,4,-6,5
1320,4,4,-6,6
1321,4,4,-6,7
1322,4,4,-6,8
1323,4,4,-6,9
1324,4,4,-5,-13
1325,4,4,-5,-12
1326,4,4,-5,-11
1327,4,4,-5,-10
1328,4,4,-5,-9
1329,4,4,-5,-8
1330,4,4,-5,-3
1331,4,4,-5,-2
1332,4,4,-5,1
1333,4,4,-5,3
1334,4,4,-5,4
1335,4,4,-5,5
1336,4,4,-5,6
1337,4,4,-5,7
1338,4,4,-5,8
1339,4,4,-5,9
1340,4,4,-4,-12
1341,4,4,-4,-11
1342,4,4,-4,-10
1343,4,4,-4,-9
1344,4,4,-4,-8
1345,4,4,-4,-7
1346,4,4,-4,-3
1347,4,4,-4,-2
1348,4,4,-4,-1
1349,4,4,-4,0
1350,4,4,-4,1
1351,4,4,-4,2
1352,4,4,-4,3
1353,4,4,-4,8
1354,4,4,-3,-7
1355,4,4,-3,-3
1356,4,4,-3,-2
1357,4,4,-3,-1
1358,4,4,-3,0
1359,4,4,-3,1
1360,4,4,-3,2
1361,4,4,-3,3
1362,4,4,-3,4
1363,4,4,-3,8
1364,4,4,-3,9
1365,4,4,-2,-7
1366,4,4,-2,-6
1367,4,4,-2,-3
1368,4,4,-2,-2
1369,4,4,-2,-1
1370,4,4,-2,0
1371,4,4,-2,1
1372,4,4,-2,2
1373,4,4,-2,3
1374,4,4,-2,4
1375,4,4,-2,8
1376,4,4,-2,9
1377,4,4,-1,-13
1378,4,4,-1,-7
1379,4,4,-1,-6
1380,4,4,-1,-5
1381,4,4,-1,-3
1382,4,4,-1,-2
1383,4,4,-1,-1
1384,4,4,-1,0
1385,4,4,-1,1
1386,4,4,-1,2
1387,4,4,-1,3
1388,4,4,-1,4
1389,4,4,-1,5
1390,4,4,-1,8
1391,4,4,-1,9
1392,4,4,0,-13
1393,4,4,0,-12
1394,4,4,0,-7
1395,4,4,0,-6
1396,4,4,0,-5
1397,4,4,0,-3
1398,4,4,0,-2
1399,4,4,0,-1
1400,4,4,0,0
1401,4,4,0,1
1402,4,4,0,2
1403,4,4,0,3
1404,4,4,0,4
1405,4,4,0,5
1406,4,4,0,6
1407,4,4,0,7
1408,4,4,1,-13
1409,4,4,1,-12
1410,4,4,1,-7
1411,4,4,1,-6
1412,4,4,1,-5
1413,4,4,1,0
1414,4,4,1,1
1415,4,4,1,2
1416,4,4,1,3
1417,4,4,1,4
1418,4,4,1,5
1419,4,4,1,6
1420,4,4,1,7
1421,4,4,2,-13
1422,4,4,2,-12
1423,4,4,2,-7
1424,4,4,2,-6
1425,4,4,2,-5
1426,4,4,2,-1
1427,4,4,2,0
1428,4,4,2,1
1429,4,4,2,2
1430,4,4,2,3
1431,4,4,2,5
1432,4,4,3,-14
1433,4,4,3,-13
1434,4,4,3,-12
1435,4,4,3,-11
1436,4,4,3,-1
1437,4,4,3,0
1438,4,4,3,1
1439,4,4,3,2
1440,4,4,3,3
1441,4,4,3,5
1442,4,4,4,-14
1443,4,4,4,-13
1444,4,4,4,-11
1445,4,4,4,-1
1446,4,4,4,0
1447,4,4,4,1
1448,4,4,4,2
1449,4,4,4,3
1450,4,4,4,4
1451,4,4,5,-11
1452,4,4,5,-10
1453,4,4,5,-1
1454,4,4,5,0
1455,4,4,5,1
1456,4,4,5,2
1457,4,4,5,3
1458,4,4,5,4
1459,4,4,6,-10
1460,4,4,6,-9
1461,4,4,6,-8
1462,4,4,6,-1
1463,4,4,6,0
1464,4,4,6,1
1465,4,4,6,2
1466,4,4,6,3
1467,4,4,6,4
1468,4,4,7,-10
1469,4,4,7,-9
1470,4,4,7,-8
1471,4,4,7,0
1472,4,4,7,2
1473,4,4,7,3
1474,4,4,7,4
1475,4,4,8,-10
1476,4,4,8,-9
1477,4,4,8,-8
1478,4,4,8,4
1479,4,4,9,-10
1480,4,4,9,-9
1481,4,4,9,-8
1482,4,4,10,-17
1483,4,4,10,-16
1484,4,4,10,-11
1485,4,4,10,-10
1486,4,4,11,-19
1487,4,4,11,-18
1488,4,4,11,-17
1489,4,4,11,-16
1490,4,4,11,-15
1491,4,4,11,-14
1492,4,4,11,-12
1493,4,4,11,-11
1494,4,4,11,-10
1495,4,4,12,-19
1496,4,4,12,-18
1497,4,4,12,-17
1498,4,4,12,-16
1499,4,4,12,-15
1500,4,4,12,-14
1501,4,4,12,-13
1502,4,4,12,-12
1503,4,4,12,-11
1504,4,4,13,-17
1505,4,4,13,-16
1506,4,5,-8,-10
1507,4,5,-8,-9
1508,4,5,-8,-8
1509,4,5,-8,-7
1510,4,5,-8,-6
1511,4,5,-8,-5
1512,4,5,-7,-12
1513,4,5,-7,-11
1514,4,5,-7,-10
1515,4,5,-7,-9
1516,4,5,-7,-8
1517,4,5,-7,-7
1518,4,5,-7,-6
1519,4,5,-7,-5
1520,4,5,-7,-4
1521,4,5,-7,-3
1522,4,5,-7,2
1523,4,5,-7,3
1524,4,5,-7,4
1525,4,5,-6,-13
1526,4,5,-6,-12
1527,4,5,-6,-10
1528,4,5,-6,-4
1529,4,5,-6,-3
1530,4,5,-6,1
1531,4,5,-6,2
1532,4,5,-6,3
1533,4,5,-6,4
1534,4,5,-6,5
1535,4,5,-6,6
1536,4,5,-6,7
1537,4,5,-6,8
1538,4,5,-6,9
1539,4,5,-5,-13
1540,4,5,-5,-12
1541,4,5,-5,-11
1542,4,5,-5,-10
1543,4,5,-5,-9
1544,4,5,-5,-8
1545,4,5,-5,-3
1546,4,5,-5,-2
1547,4,5,-5,1
1548,4,5,-5,3
1549,4,5,-5,4
1550,4,5,-5,5
1551,4,5,-5,6
1552,4,5,-5,7
1553,4,5,-5,8
1554,4,5,-5,9
1555,4,5,-4,-12
1556,4,5,-4,-11
1557,4,5,-4,-10
1558,4,5,-4,-9
1559,4,5,-4,-8
1560,4,5,-4,-7
1561,4,5,-4,-3
1562,4,5,-4,-2
1563,4,5,-4,-1
1564,4,5,-4,0
1565,4,5,-4,1
1566,4,5,-4,2
1567,4,5,-4,3
1568,4,5,-4,8
1569,4,5,-3,-7
1570,4,5,-3,-3
1571,4,5,-3,-2
1572,4,5,-3,-1
1573,4,5,-3,0
1574,4,5,-3,1
1575,4,5,-3,2
1576,4,5,-3,3
1577,4,5,-3,4
1578,4,5,-3,8
1579,4,5,-3,9
1580,4,5,-2,-7
1581,4,5,-2,-6
1582,4,5,-2,-3
1583,4,5,-2,-2
1584,4,5,-2,-1
1585,4,5,-2,0
1586,4,5,-2,1
1587,4,5,-2,2
1588,4,5,-2,3
1589,4,5,-2,4
1590,4,5,-2,8
1591,4,5,-2,9
1592,4,5,-1,-13
1593,4,5,-1,-7
1594,4,5,-1,-6
1595,4,5,-1,-5
1596,4,5,-1,-3
1597,4,5,-1,-2
1598,4,5,-1,-1
1599,4,5,-1,0
1600,4,5,-1,1
1601,4,5,-1,2
1602,4,5,-1,3
1603,4,5,-1,4
1604,4,5,-1,5
1605,4,5,-1,8
1606,4,5,-1,9
1607,4,5,0,-13
1608,4,5,0,-12
1609,4,5,0,-7
1610,4,5,0,-6
1611,4,5,0,-5
1612,4,5,0,-3
1613,4,5,0,-2
1614,4,5,0,-1
1615,4,5,0,0
1616,4,5,0,1
1617,4,5,0,2
1618,4,5,0,3
1619,4,5,0,4
1620,4,5,0,5
1621,4,5,0,6
1622,4,5,0,7
1623,4,5,1,-13
1624,4,5,1,-12
1625,4,5,1,-7
1626,4,5,1,-6
1627,4,5,1,-5
1628,4,5,1,0
1629,4,5,1,1
1630,4,5,1,2
1631,4,5,1,3
1632,4,5,1,4
1633,4,5,1,5
1634,4,5,1,6
1635,4,5,1,7
1636,4,5,2,-13
1637,4,5,2,-12
1638,4,5,2,-7
1639,4,5,2,-6
1640,4,5,2,-5
1641,4,5,2,-1
1642,4,5,2,0
1643,4,5,2,1
1644,4,5,2,2
1645,4,5,2,3
1646,4,5,2,5
1647,4,5,3,-14
1648,4,5,3,-13
1649,4,5,3,-12
1650,4,5,3,-11
1651,4,5,3,-1
1652,4,5,3,0
1653,4,5,3,1
1654,4,5,3,2
1655,4,5,3,3
1656,4,5,3,5
1657,4,5,4,-14
1658,4,5,4,-13
1659,4,5,4,-11
1660,4,5,4,-1
1661,4,5,4,0
1662,4,5,4,1
1663,4,5,4,2
1664,4,5,4,3
1665,4,5,4,4
1666,4,5,5,-11
1667,4,5,5,-10
1668,4,5,5,-1
1669,4,5,5,0
1670,4,5,5,1
1671,4,5,5,2
1672,4,5,5,3
1673,4,5,5,4
1674,4,5,6,-10
1675,4,5,6,-9
1676,4,5,6,-8
1677,4,5,6,-1
1678,4,5,6,0
1679,4,5,6,1
1680,4,5,6,2
1681,4,5,6,3
1682,4,5,6,4
1683,4,5,7,-10
1684,4,5,7,-9
1685,4,5,7,-8
1686,4,5,7,0
1687,4,5,7,2
1688,4,5,7,3
1689,4,5,7,4
1690,4,5,8,-10
1691,4,5,8,-9
1692,4,5,8,-8
1693,4,5,8,4
1694,4,5,9,-10
1695,4,5,9,-9
1696,4,5,9,-8
1697,4,5,10,-17
1698,4,5,10,-16
1699,4,5,10,-11
1700,4,5,10,-10
1701,4,5,11,-19
1702,4,5,11,-18
1703,4,5,11,-17
1704,4,5,11,-16
1705,4,5,11,-15
1706,4,5,11,-14
1707,4,5,11,-12
1708,4,5,11,-11
1709,4,5,11,-10
1710,4,5,12,-19
1711,4,5,12,-18
1712,4,5,12,-17
1713,4,5,12,-16
1714,4,5,12,-15
1715,4,5,12,-14
1716,4,5,12,-13
1717,4,5,12,-12
1718,4,5,12,-11
1719,4,5,13,-17
1720,4,5,13,-16
